gene, count
ECB_00001, 0
ECB_00002, 3
ECB_00003, 1
ECB_00004, 0
ECB_00005, 0
ECB_00006, 0
ECB_00007, 0
ECB_00008, 0
ECB_00009, 0
ECB_00010, 3
ECB_00011, 1
ECB_00012, 0
ECB_00013, 0
ECB_00014, 0
ECB_00015, 1
ECB_00016, 0
ECB_00017, 1
ECB_00018, 1
ECB_00019, 0
ECB_00020, 0
ECB_00021, 1
ECB_00022, 1
ECB_00023, 0
ECB_00024, 0
ECB_00025, 0
ECB_00026, 0
ECB_00027, 0
ECB_00028, 0
ECB_00029, 0
ECB_00030, 1
ECB_00031, 0
ECB_00032, 0
ECB_00033, 0
ECB_00034, 1
ECB_00035, 0
ECB_00036, 0
ECB_00037, 2
ECB_00038, 0
ECB_00039, 0
ECB_00040, 0
ECB_00041, 0
ECB_00042, 0
ECB_00042, 0
ECB_00043, 3
ECB_00044, 2
ECB_00045, 1
ECB_00046, 1
ECB_00047, 1
ECB_00048, 0
ECB_00049, 0
ECB_00050, 0
ECB_00051, 1
ECB_00052, 0
ECB_00053, 0
ECB_00054, 0
ECB_00055, 1
ECB_00056, 0
ECB_00057, 0
ECB_00058, 0
ECB_00059, 1
ECB_00060, 0
ECB_00061, 0
ECB_00062, 1
ECB_00063, 0
ECB_00064, 0
ECB_00065, 1
ECB_00066, 0
ECB_00067, 0
ECB_00068, 0
ECB_00069, 0
ECB_00070, 0
ECB_00071, 1
ECB_00072, 2
ECB_00073, 0
ECB_00074, 1
ECB_00075, 0
ECB_00076, 0
ECB_00077, 0
ECB_00078, 0
ECB_00079, 0
ECB_00080, 0
ECB_00081, 0
ECB_00082, 1
ECB_00083, 0
ECB_00084, 1
ECB_00085, 1
ECB_00086, 0
ECB_00087, 2
ECB_00088, 0
ECB_00089, 2
ECB_00090, 0
ECB_00091, 0
ECB_00092, 1
ECB_00093, 1
ECB_00094, 0
ECB_00095, 1
ECB_00096, 2
ECB_00097, 0
ECB_00098, 0
ECB_00099, 1
ECB_00100, 1
ECB_00101, 1
ECB_00102, 0
ECB_00103, 1
ECB_00104, 1
ECB_00105, 0
ECB_00106, 1
ECB_00107, 0
ECB_00108, 1
ECB_00109, 1
ECB_00110, 0
ECB_00111, 0
ECB_00112, 2
ECB_00113, 0
ECB_00114, 0
ECB_00115, 0
ECB_00116, 1
ECB_00117, 2
ECB_00118, 0
ECB_00119, 0
ECB_00120, 2
ECB_00121, 1
ECB_00122, 1
ECB_00123, 1
ECB_00124, 0
ECB_00125, 0
ECB_00126, 1
ECB_00127, 0
ECB_00128, 0
ECB_00129, 1
ECB_00130, 0
ECB_00131, 0
ECB_00132, 0
ECB_00133, 0
ECB_00134, 0
ECB_00135, 1
ECB_00136, 0
ECB_00137, 0
ECB_00138, 1
ECB_00139, 0
ECB_00140, 0
ECB_00141, 0
ECB_00142, 2
ECB_00143, 0
ECB_00144, 0
ECB_00145, 0
ECB_00146, 1
ECB_00147, 3
ECB_00148, 3
ECB_00149, 0
ECB_00150, 0
ECB_00151, 0
ECB_00152, 1
ECB_00153, 0
ECB_00154, 2
ECB_00155, 2
ECB_00156, 1
ECB_00157, 0
ECB_00158, 1
ECB_00159, 0
ECB_00160, 0
ECB_00161, 0
ECB_00162, 0
ECB_00163, 0
ECB_00164, 0
ECB_00165, 1
ECB_00166, 0
ECB_00167, 0
ECB_00168, 0
ECB_00169, 0
ECB_00170, 0
ECB_00171, 2
ECB_00172, 0
ECB_00173, 0
ECB_00174, 0
ECB_00175, 1
ECB_00176, 0
ECB_00177, 0
ECB_00178, 0
ECB_00179, 1
ECB_00180, 0
ECB_00181, 0
ECB_00182, 0
ECB_00183, 0
ECB_00184, 2
ECB_00185, 0
ECB_00186, 2
ECB_00187, 2
ECB_00188, 1
ECB_00189, 0
ECB_00190, 0
ECB_00191, 0
ECB_00192, 0
ECB_00193, 1
ECB_00194, 0
ECB_00195, 0
ECB_00196, 0
ECB_00197, 0
ECB_00198, 0
ECB_00199, 2
ECB_00200, 0
ECB_00201, 0
ECB_00202, 0
ECB_00203, 2
ECB_00204, 1
ECB_00205, 0
ECB_00206, 0
ECB_00207, 0
ECB_00208, 0
ECB_00209, 0
ECB_00210, 0
ECB_00211, 0
ECB_00212, 0
ECB_00213, 1
ECB_00214, 0
ECB_00215, 0
ECB_00216, 1
ECB_00217, 0
ECB_00218, 0
ECB_00219, 0
ECB_00220, 0
ECB_00221, 0
ECB_00222, 1
ECB_00223, 0
ECB_00224, 1
ECB_00225, 0
ECB_00226, 1
ECB_00227, 0
ECB_00228, 0
ECB_00229, 1
ECB_00230, 1
ECB_00231, 0
ECB_00232, 1
ECB_00233, 0
ECB_00234, 0
ECB_00235, 0
ECB_00236, 0
ECB_00237, 0
ECB_00238, 0
ECB_00239, 1
ECB_00240, 3
ECB_00241, 0
ECB_00242, 0
ECB_00243, 1
ECB_00244, 1
ECB_00245, 0
ECB_00246, 0
ECB_00247, 0
ECB_00248, 0
ECB_00249, 0
ECB_00250, 0
ECB_00251, 0
ECB_00252, 0
ECB_00253, 1
ECB_00254, 1
ECB_00255, 0
ECB_00256, 1
ECB_00257, 1
ECB_00258, 0
ECB_00259, 0
ECB_00260, 0
ECB_00261, 0
ECB_00262, 1
ECB_00263, 2
ECB_00264, 1
ECB_00265, 0
ECB_00266, 0
ECB_00267, 2
ECB_00268, 0
ECB_00269, 1
ECB_00270, 1
ECB_00271, 0
ECB_00272, 0
ECB_00273, 1
ECB_00274, 2
ECB_00275, 1
ECB_00276, 0
ECB_00277, 0
ECB_00278, 0
ECB_00279, 3
ECB_00280, 1
ECB_00281, 0
ECB_00282, 0
ECB_00283, 0
ECB_00284, 0
ECB_00285, 0
ECB_00286, 0
ECB_00287, 0
ECB_00288, 1
ECB_00289, 1
ECB_00290, 3
ECB_00291, 0
ECB_00292, 1
ECB_00293, 1
ECB_00294, 1
ECB_00295, 2
ECB_00296, 0
ECB_00297, 1
ECB_00298, 0
ECB_00299, 1
ECB_00300, 1
ECB_00301, 1
ECB_00302, 1
ECB_00303, 1
ECB_00304, 0
ECB_00305, 0
ECB_00306, 0
ECB_00307, 1
ECB_00308, 1
ECB_00309, 0
ECB_00310, 0
ECB_00311, 0
ECB_00312, 0
ECB_00313, 0
ECB_00314, 0
ECB_00315, 0
ECB_00316, 0
ECB_00317, 0
ECB_00318, 2
ECB_00319, 2
ECB_00320, 0
ECB_00321, 2
ECB_00322, 0
ECB_00323, 0
ECB_00324, 0
ECB_00325, 1
ECB_00326, 0
ECB_00327, 0
ECB_00328, 0
ECB_00329, 0
ECB_00330, 1
ECB_00331, 1
ECB_00332, 0
ECB_00333, 2
ECB_00334, 0
ECB_00335, 1
ECB_00336, 0
ECB_00337, 1
ECB_00338, 2
ECB_00339, 0
ECB_00340, 0
ECB_00341, 0
ECB_00342, 0
ECB_00343, 1
ECB_00344, 1
ECB_00345, 1
ECB_00346, 0
ECB_00347, 0
ECB_00348, 1
ECB_00349, 0
ECB_00350, 0
ECB_00351, 0
ECB_00352, 3
ECB_00352, 3
ECB_00353, 3
ECB_00354, 0
ECB_00355, 0
ECB_00356, 0
ECB_00357, 2
ECB_00358, 1
ECB_00359, 1
ECB_00360, 0
ECB_00361, 0
ECB_00362, 0
ECB_00363, 1
ECB_00364, 1
ECB_00365, 0
ECB_00366, 0
ECB_00367, 1
ECB_00368, 0
ECB_00369, 0
ECB_00370, 0
ECB_00371, 1
ECB_00372, 1
ECB_00373, 0
ECB_00374, 0
ECB_00375, 0
ECB_00376, 0
ECB_00377, 0
ECB_00378, 0
ECB_00379, 1
ECB_00380, 1
ECB_00381, 0
ECB_00382, 0
ECB_00383, 1
ECB_00384, 2
ECB_00385, 1
ECB_00386, 1
ECB_00387, 3
ECB_00388, 1
ECB_00389, 0
ECB_00390, 1
ECB_00391, 1
ECB_00392, 0
ECB_00393, 0
ECB_00394, 2
ECB_00395, 1
ECB_00396, 2
ECB_00397, 1
ECB_00398, 0
ECB_00399, 0
ECB_00400, 0
ECB_00401, 0
ECB_00402, 0
ECB_00403, 0
ECB_00404, 2
ECB_00405, 1
ECB_00406, 0
ECB_00407, 0
ECB_00408, 2
ECB_00409, 0
ECB_00410, 1
ECB_00411, 0
ECB_00412, 1
ECB_00413, 0
ECB_00414, 0
ECB_00415, 0
ECB_00416, 3
ECB_00417, 1
ECB_00418, 1
ECB_00419, 0
ECB_00420, 1
ECB_00421, 1
ECB_00422, 0
ECB_00423, 0
ECB_00424, 0
ECB_00425, 0
ECB_00426, 1
ECB_00427, 1
ECB_00428, 2
ECB_00429, 2
ECB_00430, 1
ECB_00431, 0
ECB_00432, 0
ECB_00433, 0
ECB_00434, 0
ECB_00435, 0
ECB_00436, 1
ECB_00437, 0
ECB_00438, 1
ECB_00439, 1
ECB_00440, 1
ECB_00441, 0
ECB_00442, 0
ECB_00443, 0
ECB_00444, 0
ECB_00445, 1
ECB_00446, 1
ECB_00447, 3
ECB_00448, 0
ECB_00449, 0
ECB_00450, 0
ECB_00451, 1
ECB_00452, 1
ECB_00453, 1
ECB_00454, 0
ECB_00455, 0
ECB_00456, 0
ECB_00457, 2
ECB_00458, 1
ECB_00459, 0
ECB_00460, 0
ECB_00461, 0
ECB_00462, 0
ECB_00463, 0
ECB_00464, 0
ECB_00465, 0
ECB_00466, 1
ECB_00467, 0
ECB_00468, 0
ECB_00469, 1
ECB_00470, 1
ECB_00471, 0
ECB_00472, 0
ECB_00473, 0
ECB_00474, 0
ECB_00475, 0
ECB_00476, 2
ECB_00477, 0
ECB_00478, 0
ECB_00479, 0
ECB_00480, 0
ECB_00481, 0
ECB_00482, 0
ECB_00483, 1
ECB_00484, 0
ECB_00485, 0
ECB_00486, 0
ECB_00487, 0
ECB_00488, 0
ECB_00489, 0
ECB_00490, 0
ECB_00491, 1
ECB_00492, 1
ECB_00493, 0
ECB_00494, 1
ECB_00495, 1
ECB_00496, 1
ECB_00497, 0
ECB_00498, 0
ECB_00499, 0
ECB_00500, 1
ECB_00501, 0
ECB_00502, 0
ECB_00503, 0
ECB_00504, 0
ECB_00505, 0
ECB_00503, 0
ECB_00506, 0
ECB_00507, 0
ECB_00508, 0
ECB_00509, 0
ECB_00510, 0
ECB_00511, 0
ECB_00512, 2
ECB_00513, 2
ECB_00514, 0
ECB_00515, 0
ECB_00516, 0
ECB_00517, 0
ECB_00518, 0
ECB_00519, 0
ECB_00520, 0
ECB_00521, 0
ECB_00522, 3
ECB_00523, 0
ECB_00523, 0
ECB_00524, 0
ECB_00525, 0
ECB_00526, 0
ECB_00527, 0
ECB_00528, 0
ECB_00529, 0
ECB_00530, 1
ECB_00531, 3
ECB_00532, 1
ECB_00533, 2
ECB_00534, 0
ECB_00535, 1
ECB_00536, 1
ECB_00537, 0
ECB_00538, 0
ECB_00539, 0
ECB_00540, 0
ECB_00541, 0
ECB_00542, 0
ECB_00543, 0
ECB_00544, 0
ECB_00545, 0
ECB_00546, 0
ECB_00544, 0
ECB_00547, 0
ECB_00548, 0
ECB_00549, 1
ECB_00550, 0
ECB_00551, 0
ECB_00552, 0
ECB_00553, 1
ECB_00554, 0
ECB_00555, 0
ECB_00556, 0
ECB_00557, 0
ECB_00558, 1
ECB_00559, 0
ECB_00560, 0
ECB_00561, 1
ECB_00562, 0
ECB_00563, 0
ECB_00564, 0
ECB_00565, 1
ECB_00565, 1
ECB_00566, 0
ECB_00567, 0
ECB_00568, 0
ECB_00569, 0
ECB_00570, 0
ECB_00571, 0
ECB_00572, 0
ECB_00573, 0
ECB_00574, 0
ECB_00575, 0
ECB_00576, 0
ECB_00577, 1
ECB_00578, 0
ECB_00579, 1
ECB_00580, 1
ECB_00581, 0
ECB_00582, 0
ECB_00583, 0
ECB_00584, 0
ECB_00585, 0
ECB_00586, 0
ECB_00587, 0
ECB_00588, 0
ECB_00589, 2
ECB_00590, 0
ECB_00591, 0
ECB_00592, 0
ECB_00593, 0
ECB_00594, 1
ECB_00595, 0
ECB_00596, 0
ECB_00597, 0
ECB_00598, 1
ECB_00599, 0
ECB_00600, 0
ECB_00601, 0
ECB_00602, 0
ECB_00603, 2
ECB_00604, 3
ECB_00605, 0
ECB_00606, 2
ECB_00607, 1
ECB_00608, 1
ECB_00609, 1
ECB_00610, 0
ECB_00611, 0
ECB_00612, 0
ECB_00613, 0
ECB_00613, 0
ECB_00614, 1
ECB_00615, 0
ECB_00616, 1
ECB_00617, 0
ECB_00618, 0
ECB_00619, 0
ECB_00620, 0
ECB_00618, 0
ECB_00621, 0
ECB_00622, 0
ECB_00623, 1
ECB_00624, 1
ECB_00625, 0
ECB_00626, 0
ECB_00627, 1
ECB_00628, 0
ECB_00629, 1
ECB_00630, 0
ECB_00631, 4
ECB_00632, 1
ECB_00633, 1
ECB_00634, 0
ECB_00635, 0
ECB_00636, 0
ECB_00637, 1
ECB_00638, 1
ECB_00639, 0
ECB_00640, 1
ECB_00641, 1
ECB_00642, 0
ECB_00643, 0
ECB_00644, 0
ECB_00645, 0
ECB_00646, 0
ECB_00647, 0
ECB_00648, 0
ECB_00649, 0
ECB_00650, 0
ECB_00651, 0
ECB_00652, 0
ECB_00653, 0
ECB_00654, 1
ECB_00655, 0
ECB_00656, 0
ECB_00657, 0
ECB_00658, 0
ECB_00659, 1
ECB_00660, 2
ECB_00661, 0
ECB_00662, 0
ECB_00663, 0
ECB_00664, 0
ECB_00665, 0
ECB_00665, 0
ECB_00666, 0
ECB_00667, 0
ECB_00668, 1
ECB_00669, 2
ECB_00670, 1
ECB_00671, 1
ECB_00672, 1
ECB_00673, 1
ECB_00674, 0
ECB_00675, 1
ECB_00676, 0
ECB_00677, 0
ECB_00678, 3
ECB_00679, 0
ECB_00680, 3
ECB_00681, 1
ECB_00682, 0
ECB_00683, 0
ECB_00684, 0
ECB_00685, 0
ECB_00686, 1
ECB_00687, 0
ECB_00688, 0
ECB_00689, 0
ECB_00690, 0
ECB_00691, 1
ECB_00692, 0
ECB_00693, 1
ECB_00694, 0
ECB_00695, 0
ECB_00696, 0
ECB_00697, 0
ECB_00698, 0
ECB_00699, 0
ECB_00700, 0
ECB_00701, 0
ECB_00702, 0
ECB_00703, 1
ECB_00704, 0
ECB_00705, 1
ECB_00706, 0
ECB_00707, 3
ECB_00708, 1
ECB_00709, 0
ECB_00710, 0
ECB_00711, 1
ECB_00712, 0
ECB_00713, 0
ECB_00714, 0
ECB_00715, 0
ECB_00716, 1
ECB_00717, 0
ECB_00718, 0
ECB_00719, 0
ECB_00720, 0
ECB_00721, 0
ECB_00722, 0
ECB_00723, 0
ECB_00724, 2
ECB_00725, 1
ECB_00726, 1
ECB_00727, 0
ECB_00728, 0
ECB_00729, 0
ECB_00730, 0
ECB_00731, 1
ECB_00732, 3
ECB_00733, 1
ECB_00734, 0
ECB_00735, 0
ECB_00736, 0
ECB_00737, 0
ECB_00738, 0
ECB_00739, 0
ECB_00740, 0
ECB_00741, 0
ECB_00742, 0
ECB_00743, 0
ECB_00744, 2
ECB_00745, 0
ECB_00746, 2
ECB_00747, 0
ECB_00748, 0
ECB_00749, 0
ECB_00750, 0
ECB_00751, 0
ECB_00752, 0
ECB_00753, 0
ECB_00754, 0
ECB_00755, 0
ECB_00756, 1
ECB_00757, 0
ECB_00758, 1
ECB_00759, 0
ECB_00760, 1
ECB_00761, 2
ECB_00762, 0
ECB_00763, 0
ECB_00764, 0
ECB_00765, 0
ECB_00766, 0
ECB_00767, 2
ECB_00768, 0
ECB_00769, 0
ECB_00770, 0
ECB_00771, 0
ECB_00772, 0
ECB_00773, 1
ECB_00774, 2
ECB_00775, 0
ECB_00776, 0
ECB_00777, 0
ECB_00778, 0
ECB_00779, 0
ECB_00780, 4
ECB_00781, 2
ECB_00782, 0
ECB_00783, 1
ECB_00784, 1
ECB_00785, 1
ECB_00786, 1
ECB_00787, 0
ECB_00788, 0
ECB_00789, 1
ECB_00790, 1
ECB_00791, 1
ECB_00792, 0
ECB_00793, 0
ECB_00794, 0
ECB_00795, 0
ECB_00796, 0
ECB_00797, 0
ECB_00798, 1
ECB_00799, 1
ECB_00800, 0
ECB_00801, 0
ECB_00802, 1
ECB_00803, 0
ECB_00804, 0
ECB_00805, 0
ECB_00806, 1
ECB_00807, 0
ECB_00808, 0
ECB_00809, 1
ECB_00810, 0
ECB_00811, 0
ECB_00812, 1
ECB_00813, 0
ECB_00814, 0
ECB_00815, 0
ECB_00816, 0
ECB_00817, 0
ECB_00818, 0
ECB_00819, 0
ECB_00820, 0
ECB_00821, 1
ECB_00822, 1
ECB_00823, 0
ECB_00824, 0
ECB_00825, 2
ECB_00826, 0
ECB_00827, 0
ECB_00828, 1
ECB_00829, 1
ECB_00830, 0
ECB_00831, 0
ECB_00832, 0
ECB_00833, 3
ECB_00834, 1
ECB_00835, 0
ECB_00836, 0
ECB_00837, 1
ECB_00838, 0
ECB_00839, 0
ECB_00840, 0
ECB_00841, 0
ECB_00842, 0
ECB_00843, 1
ECB_00844, 0
ECB_00845, 0
ECB_00846, 0
ECB_00847, 1
ECB_00848, 0
ECB_00849, 0
ECB_00850, 0
ECB_00851, 1
ECB_00852, 1
ECB_00853, 0
ECB_00854, 0
ECB_00855, 0
ECB_00856, 0
ECB_00857, 2
ECB_00858, 2
ECB_00859, 1
ECB_00860, 0
ECB_00861, 0
ECB_00862, 0
ECB_00863, 0
ECB_00864, 0
ECB_00865, 1
ECB_00866, 1
ECB_00867, 0
ECB_00868, 0
ECB_00869, 0
ECB_00870, 0
ECB_00871, 0
ECB_00872, 1
ECB_00873, 0
ECB_00874, 0
ECB_00875, 2
ECB_00876, 0
ECB_00877, 1
ECB_00878, 0
ECB_00879, 2
ECB_00880, 0
ECB_00881, 1
ECB_00882, 0
ECB_00883, 0
ECB_00884, 1
ECB_00885, 0
ECB_00886, 0
ECB_00887, 2
ECB_00888, 1
ECB_00889, 0
ECB_00890, 1
ECB_00891, 1
ECB_00892, 0
ECB_00893, 0
ECB_00894, 0
ECB_00895, 0
ECB_00896, 0
ECB_00897, 2
ECB_00898, 0
ECB_00899, 0
ECB_00900, 0
ECB_00901, 0
ECB_00902, 2
ECB_00903, 1
ECB_00904, 0
ECB_00905, 1
ECB_00906, 1
ECB_00907, 2
ECB_00908, 1
ECB_00909, 1
ECB_00910, 0
ECB_00911, 0
ECB_00912, 0
ECB_00913, 0
ECB_00914, 0
ECB_00915, 1
ECB_00916, 0
ECB_00917, 0
ECB_00918, 0
ECB_00919, 0
ECB_00920, 0
ECB_00921, 0
ECB_00922, 0
ECB_00923, 0
ECB_00924, 0
ECB_00925, 0
ECB_00926, 0
ECB_00927, 0
ECB_00928, 2
ECB_00929, 1
ECB_00930, 0
ECB_00931, 3
ECB_00932, 0
ECB_00933, 5
ECB_00934, 3
ECB_00935, 0
ECB_00936, 0
ECB_00937, 0
ECB_00938, 2
ECB_00939, 1
ECB_00940, 0
ECB_00941, 0
ECB_00942, 0
ECB_00943, 0
ECB_00944, 2
ECB_00945, 0
ECB_00946, 0
ECB_00947, 0
ECB_00948, 0
ECB_00949, 0
ECB_00950, 0
ECB_00951, 0
ECB_00952, 2
ECB_00953, 0
ECB_00954, 0
ECB_00955, 2
ECB_00956, 0
ECB_00957, 0
ECB_00958, 0
ECB_00959, 1
ECB_00960, 1
ECB_00961, 1
ECB_00962, 0
ECB_00963, 1
ECB_00964, 0
ECB_00965, 1
ECB_00966, 0
ECB_00967, 0
ECB_00968, 1
ECB_00969, 1
ECB_00970, 0
ECB_00971, 0
ECB_00972, 0
ECB_00973, 0
ECB_00974, 1
ECB_00975, 0
ECB_00976, 0
ECB_00977, 0
ECB_00978, 0
ECB_00979, 1
ECB_00980, 0
ECB_00981, 0
ECB_00982, 2
ECB_00983, 0
ECB_00984, 0
ECB_00985, 1
ECB_00986, 0
ECB_00987, 1
ECB_00988, 0
ECB_00989, 0
ECB_00990, 1
ECB_00991, 1
ECB_00992, 0
ECB_00993, 0
ECB_00994, 0
ECB_00995, 0
ECB_00996, 0
ECB_00997, 0
ECB_00998, 0
ECB_00999, 0
ECB_01000, 0
ECB_01001, 0
ECB_01002, 0
ECB_01003, 1
ECB_01004, 0
ECB_01005, 1
ECB_01006, 0
ECB_01007, 0
ECB_01008, 0
ECB_01009, 1
ECB_01010, 0
ECB_01011, 1
ECB_01012, 1
ECB_01013, 0
ECB_01014, 1
ECB_01015, 0
ECB_01016, 0
ECB_01017, 1
ECB_01018, 1
ECB_01019, 0
ECB_01020, 1
ECB_01021, 1
ECB_01022, 1
ECB_01023, 0
ECB_01024, 0
ECB_01025, 0
ECB_01026, 3
ECB_01027, 1
ECB_01028, 0
ECB_01029, 0
ECB_01030, 1
ECB_01031, 0
ECB_01032, 1
ECB_01033, 1
ECB_01034, 1
ECB_01035, 0
ECB_01036, 0
ECB_01037, 1
ECB_01038, 1
ECB_01039, 0
ECB_01040, 1
ECB_01041, 0
ECB_01042, 0
ECB_01043, 2
ECB_01044, 0
ECB_01045, 0
ECB_01046, 0
ECB_01047, 0
ECB_01048, 0
ECB_01049, 3
ECB_01050, 1
ECB_01051, 1
ECB_01052, 0
ECB_01053, 0
ECB_01054, 0
ECB_01055, 0
ECB_01056, 0
ECB_01057, 0
ECB_01058, 1
ECB_01059, 0
ECB_01060, 0
ECB_01061, 0
ECB_01062, 0
ECB_01063, 0
ECB_01064, 0
ECB_01065, 0
ECB_01066, 0
ECB_01067, 0
ECB_01068, 0
ECB_01069, 0
ECB_01070, 0
ECB_01071, 1
ECB_01072, 1
ECB_01073, 1
ECB_01074, 1
ECB_01075, 0
ECB_01076, 0
ECB_01077, 0
ECB_01078, 0
ECB_01079, 0
ECB_01080, 0
ECB_01081, 0
ECB_01082, 0
ECB_01083, 0
ECB_01084, 1
ECB_01085, 0
ECB_01086, 0
ECB_01087, 0
ECB_01088, 0
ECB_01089, 0
ECB_01090, 1
ECB_01091, 0
ECB_01092, 0
ECB_01093, 0
ECB_01094, 0
ECB_01095, 0
ECB_01096, 1
ECB_01097, 0
ECB_01098, 1
ECB_01099, 0
ECB_01100, 0
ECB_01101, 1
ECB_01102, 0
ECB_01103, 0
ECB_01104, 0
ECB_01105, 0
ECB_01106, 0
ECB_01107, 0
ECB_01108, 0
ECB_01109, 1
ECB_01110, 1
ECB_01111, 0
ECB_01112, 0
ECB_01113, 0
ECB_01114, 1
ECB_01115, 1
ECB_01116, 0
ECB_01117, 0
ECB_01115, 1
ECB_01118, 0
ECB_01119, 0
ECB_01120, 0
ECB_01121, 0
ECB_01122, 0
ECB_01123, 0
ECB_01124, 1
ECB_01125, 0
ECB_01126, 1
ECB_01127, 1
ECB_01128, 0
ECB_01129, 0
ECB_01130, 0
ECB_01131, 1
ECB_01132, 0
ECB_01133, 0
ECB_01134, 0
ECB_01135, 1
ECB_01136, 1
ECB_01137, 0
ECB_01138, 0
ECB_01139, 0
ECB_01140, 0
ECB_01141, 0
ECB_01142, 1
ECB_01143, 2
ECB_01144, 0
ECB_01145, 1
ECB_01145, 1
ECB_01145, 1
ECB_01146, 0
ECB_01147, 0
ECB_01148, 0
ECB_01149, 0
ECB_01150, 0
ECB_01151, 0
ECB_01152, 0
ECB_01153, 0
ECB_01154, 0
ECB_01155, 1
ECB_01156, 0
ECB_01157, 2
ECB_01157, 2
ECB_01158, 0
ECB_01159, 1
ECB_01160, 1
ECB_01161, 0
ECB_01162, 0
ECB_01163, 0
ECB_01164, 0
ECB_01165, 0
ECB_01166, 0
ECB_01167, 0
ECB_01168, 1
ECB_01169, 1
ECB_01170, 1
ECB_01171, 0
ECB_01172, 2
ECB_01173, 1
ECB_01174, 0
ECB_01175, 0
ECB_01176, 1
ECB_01177, 1
ECB_01178, 0
ECB_01179, 1
ECB_01180, 0
ECB_01181, 3
ECB_01182, 0
ECB_01183, 0
ECB_01184, 0
ECB_01185, 0
ECB_01186, 0
ECB_01187, 1
ECB_01188, 0
ECB_01189, 0
ECB_01190, 0
ECB_01191, 0
ECB_01192, 0
ECB_01193, 0
ECB_01194, 0
ECB_01195, 0
ECB_01196, 0
ECB_01197, 0
ECB_01198, 0
ECB_01199, 0
ECB_01200, 2
ECB_01201, 2
ECB_01202, 0
ECB_01203, 0
ECB_01204, 0
ECB_01205, 1
ECB_01206, 2
ECB_01207, 0
ECB_01208, 0
ECB_01209, 0
ECB_01210, 0
ECB_01211, 0
ECB_01212, 0
ECB_01213, 0
ECB_01214, 0
ECB_01215, 0
ECB_01216, 0
ECB_01217, 0
ECB_01218, 0
ECB_01219, 0
ECB_01220, 1
ECB_01221, 0
ECB_01222, 0
ECB_01223, 2
ECB_01224, 1
ECB_01225, 0
ECB_01226, 0
ECB_01227, 0
ECB_01228, 0
ECB_01229, 0
ECB_01230, 0
ECB_01231, 1
ECB_01232, 0
ECB_01233, 0
ECB_01234, 0
ECB_01235, 0
ECB_01236, 0
ECB_01237, 0
ECB_01238, 1
ECB_01239, 0
ECB_01240, 0
ECB_01241, 0
ECB_01242, 1
ECB_01243, 0
ECB_01244, 0
ECB_01242, 1
ECB_01245, 1
ECB_01246, 1
ECB_01247, 0
ECB_01248, 0
ECB_01249, 0
ECB_01250, 4
ECB_01251, 1
ECB_01252, 0
ECB_01252, 0
ECB_01253, 0
ECB_01254, 0
ECB_01255, 0
ECB_01256, 0
ECB_01257, 1
ECB_01258, 2
ECB_01259, 0
ECB_01260, 1
ECB_01261, 2
ECB_01262, 2
ECB_01263, 0
ECB_01264, 1
ECB_01265, 0
ECB_01266, 0
ECB_01267, 0
ECB_01268, 0
ECB_01269, 0
ECB_01270, 0
ECB_01271, 4
ECB_01272, 1
ECB_01273, 1
ECB_01274, 1
ECB_01275, 1
ECB_01276, 1
ECB_01277, 1
ECB_01278, 0
ECB_01279, 3
ECB_01280, 0
ECB_01281, 1
ECB_01282, 0
ECB_01283, 0
ECB_01284, 0
ECB_01285, 0
ECB_01286, 1
ECB_01287, 1
ECB_01288, 0
ECB_01289, 1
ECB_01290, 0
ECB_01291, 1
ECB_01292, 1
ECB_01293, 0
ECB_01294, 0
ECB_01295, 0
ECB_01296, 0
ECB_01297, 0
ECB_01298, 1
ECB_01299, 0
ECB_01300, 1
ECB_01301, 1
ECB_01302, 1
ECB_01303, 0
ECB_01304, 1
ECB_01305, 2
ECB_01306, 1
ECB_01307, 0
ECB_01308, 1
ECB_01309, 0
ECB_01310, 0
ECB_01311, 1
ECB_01312, 1
ECB_01313, 0
ECB_01314, 2
ECB_01315, 0
ECB_01316, 1
ECB_01317, 1
ECB_01318, 0
ECB_01319, 1
ECB_01320, 2
ECB_01321, 3
ECB_01322, 1
ECB_01323, 0
ECB_01324, 0
ECB_01325, 0
ECB_01326, 0
ECB_01327, 1
ECB_01328, 0
ECB_01329, 0
ECB_01330, 0
ECB_01331, 0
ECB_01332, 0
ECB_01333, 0
ECB_01334, 0
ECB_01335, 0
ECB_01336, 0
ECB_01337, 1
ECB_01338, 0
ECB_01339, 1
ECB_01340, 0
ECB_01341, 1
ECB_01342, 1
ECB_01343, 0
ECB_01344, 0
ECB_01345, 0
ECB_01346, 0
ECB_01347, 0
ECB_01348, 0
ECB_01349, 0
ECB_01350, 0
ECB_01351, 0
ECB_01352, 0
ECB_01353, 0
ECB_01354, 0
ECB_01355, 0
ECB_01356, 0
ECB_01357, 2
ECB_01358, 1
ECB_01359, 0
ECB_01360, 0
ECB_01361, 0
ECB_01362, 1
ECB_01363, 0
ECB_01364, 2
ECB_01365, 0
ECB_01366, 2
ECB_01367, 0
ECB_01368, 3
ECB_01369, 1
ECB_01370, 0
ECB_01371, 0
ECB_01372, 0
ECB_01373, 0
ECB_01374, 0
ECB_01375, 0
ECB_01376, 0
ECB_01377, 0
ECB_01378, 2
ECB_01379, 2
ECB_01380, 2
ECB_01381, 0
ECB_01382, 0
ECB_01383, 0
ECB_01384, 0
ECB_01385, 0
ECB_01386, 1
ECB_01387, 0
ECB_01388, 2
ECB_01389, 0
ECB_01389, 0
ECB_01390, 1
ECB_01391, 0
ECB_01392, 0
ECB_01393, 1
ECB_01394, 0
ECB_01395, 0
ECB_01396, 0
ECB_01397, 0
ECB_01398, 0
ECB_01399, 0
ECB_01400, 1
ECB_01401, 0
ECB_01402, 0
ECB_01403, 0
ECB_01404, 0
ECB_01405, 0
ECB_01406, 0
ECB_01407, 0
ECB_01408, 0
ECB_01409, 0
ECB_01410, 1
ECB_01411, 1
ECB_01412, 0
ECB_01413, 0
ECB_01414, 0
ECB_01415, 0
ECB_01416, 0
ECB_01417, 0
ECB_01418, 0
ECB_01419, 0
ECB_01420, 0
ECB_01421, 0
ECB_01422, 0
ECB_01422, 0
ECB_01423, 0
ECB_01424, 1
ECB_01425, 0
ECB_01426, 1
ECB_01427, 1
ECB_01428, 0
ECB_01429, 1
ECB_01430, 1
ECB_01431, 2
ECB_01432, 3
ECB_01433, 1
ECB_01434, 0
ECB_01435, 0
ECB_01436, 0
ECB_01437, 1
ECB_01438, 0
ECB_01439, 0
ECB_01440, 0
ECB_01441, 1
ECB_01442, 1
ECB_01443, 1
ECB_01444, 0
ECB_01445, 1
ECB_01446, 0
ECB_01447, 0
ECB_01448, 0
ECB_01449, 1
ECB_01450, 0
ECB_01451, 1
ECB_01452, 1
ECB_01453, 0
ECB_01454, 1
ECB_01455, 0
ECB_01456, 1
ECB_01457, 0
ECB_01458, 0
ECB_01459, 0
ECB_01460, 0
ECB_01461, 0
ECB_01462, 0
ECB_01463, 0
ECB_01464, 0
ECB_01465, 0
ECB_01466, 0
ECB_01467, 0
ECB_01468, 0
ECB_01469, 0
ECB_01470, 0
ECB_01471, 1
ECB_01472, 0
ECB_01473, 0
ECB_01474, 0
ECB_01475, 0
ECB_01476, 1
ECB_01477, 2
ECB_01478, 0
ECB_01479, 0
ECB_01480, 0
ECB_01481, 0
ECB_01482, 0
ECB_01483, 1
ECB_01484, 1
ECB_01485, 0
ECB_01486, 0
ECB_01487, 0
ECB_01488, 0
ECB_01489, 0
ECB_01490, 1
ECB_01491, 0
ECB_01492, 1
ECB_01493, 1
ECB_01494, 1
ECB_01495, 1
ECB_01496, 0
ECB_01497, 0
ECB_01498, 0
ECB_01499, 0
ECB_01500, 0
ECB_01501, 0
ECB_01502, 1
ECB_01503, 0
ECB_01504, 0
ECB_01505, 0
ECB_01506, 0
ECB_01507, 0
ECB_01508, 1
ECB_01509, 0
ECB_01510, 0
ECB_01511, 0
ECB_01512, 0
ECB_01513, 0
ECB_01514, 0
ECB_01515, 0
ECB_01516, 0
ECB_01517, 0
ECB_01518, 1
ECB_01519, 0
ECB_01520, 0
ECB_01521, 0
ECB_01522, 0
ECB_01523, 0
ECB_01524, 0
ECB_01525, 0
ECB_01526, 0
ECB_01527, 0
ECB_01528, 0
ECB_01529, 0
ECB_01530, 0
ECB_01531, 0
ECB_01532, 0
ECB_01533, 0
ECB_01534, 0
ECB_01535, 0
ECB_01536, 0
ECB_01537, 0
ECB_01538, 0
ECB_01539, 0
ECB_01540, 0
ECB_01541, 0
ECB_01542, 0
ECB_01543, 1
ECB_01544, 0
ECB_01545, 2
ECB_01546, 0
ECB_01547, 1
ECB_01547, 1
ECB_01548, 0
ECB_01549, 0
ECB_01550, 1
ECB_01551, 0
ECB_01552, 0
ECB_01553, 1
ECB_01554, 0
ECB_01555, 1
ECB_01556, 1
ECB_01557, 1
ECB_01558, 0
ECB_01559, 1
ECB_01560, 2
ECB_01561, 1
ECB_01562, 0
ECB_01563, 0
ECB_01564, 1
ECB_01565, 1
ECB_01566, 0
ECB_01567, 1
ECB_01568, 0
ECB_01569, 0
ECB_01570, 0
ECB_01571, 1
ECB_01572, 0
ECB_01573, 0
ECB_01574, 0
ECB_01575, 0
ECB_01576, 0
ECB_01577, 1
ECB_01578, 0
ECB_01579, 1
ECB_01580, 0
ECB_01581, 1
ECB_01582, 0
ECB_01583, 0
ECB_01584, 0
ECB_01585, 1
ECB_01586, 2
ECB_01587, 1
ECB_01588, 0
ECB_01589, 0
ECB_01590, 0
ECB_01591, 0
ECB_01592, 0
ECB_01593, 0
ECB_01594, 0
ECB_01595, 0
ECB_01596, 2
ECB_01597, 1
ECB_01598, 0
ECB_01599, 0
ECB_01600, 1
ECB_01601, 0
ECB_01602, 1
ECB_01603, 0
ECB_01604, 2
ECB_01605, 0
ECB_01606, 1
ECB_01607, 1
ECB_01608, 0
ECB_01609, 0
ECB_01610, 1
ECB_01611, 1
ECB_01612, 1
ECB_01613, 1
ECB_01614, 0
ECB_01615, 1
ECB_01616, 0
ECB_01617, 0
ECB_01618, 0
ECB_01619, 1
ECB_01620, 0
ECB_01621, 0
ECB_01622, 0
ECB_01623, 5
ECB_01624, 0
ECB_01625, 1
ECB_01626, 0
ECB_01627, 0
ECB_01627, 0
ECB_01628, 1
ECB_01629, 0
ECB_01630, 0
ECB_01631, 0
ECB_01632, 0
ECB_01633, 0
ECB_01634, 0
ECB_01635, 1
ECB_01636, 0
ECB_01637, 0
ECB_01638, 1
ECB_01639, 0
ECB_01640, 0
ECB_01641, 0
ECB_01642, 1
ECB_01643, 1
ECB_01644, 2
ECB_01645, 3
ECB_01646, 0
ECB_01647, 0
ECB_01648, 0
ECB_01649, 1
ECB_01650, 1
ECB_01651, 0
ECB_01652, 0
ECB_01653, 0
ECB_01654, 0
ECB_01655, 0
ECB_01656, 0
ECB_01657, 0
ECB_01658, 0
ECB_01659, 1
ECB_01659, 1
ECB_01660, 1
ECB_01661, 1
ECB_01662, 0
ECB_01663, 0
ECB_01664, 0
ECB_01665, 1
ECB_01666, 1
ECB_01667, 0
ECB_01668, 1
ECB_01669, 0
ECB_01670, 1
ECB_01671, 0
ECB_01672, 0
ECB_01673, 0
ECB_01674, 0
ECB_01675, 1
ECB_01676, 0
ECB_01677, 0
ECB_01678, 0
ECB_01679, 0
ECB_01680, 0
ECB_01681, 0
ECB_01682, 0
ECB_01683, 0
ECB_01684, 0
ECB_01685, 0
ECB_01686, 0
ECB_01687, 0
ECB_01688, 0
ECB_01689, 0
ECB_01689, 0
ECB_01690, 0
ECB_01691, 1
ECB_01692, 0
ECB_01693, 0
ECB_01694, 1
ECB_01695, 1
ECB_01696, 1
ECB_01697, 0
ECB_01698, 0
ECB_01699, 1
ECB_01700, 1
ECB_01701, 1
ECB_01702, 0
ECB_01703, 2
ECB_01704, 0
ECB_01705, 0
ECB_01706, 0
ECB_01707, 0
ECB_01708, 0
ECB_01709, 0
ECB_01710, 0
ECB_01711, 2
ECB_01712, 1
ECB_01713, 2
ECB_01714, 0
ECB_01715, 2
ECB_01716, 0
ECB_01717, 1
ECB_01718, 0
ECB_01719, 0
ECB_01720, 0
ECB_01720, 0
ECB_01721, 1
ECB_01722, 0
ECB_01723, 1
ECB_01724, 0
ECB_01725, 0
ECB_01726, 0
ECB_01727, 0
ECB_01728, 0
ECB_01729, 0
ECB_01730, 0
ECB_01731, 0
ECB_01732, 1
ECB_01733, 1
ECB_01734, 3
ECB_01735, 2
ECB_01736, 1
ECB_01737, 1
ECB_01738, 2
ECB_01739, 0
ECB_01740, 0
ECB_01741, 1
ECB_01742, 0
ECB_01743, 0
ECB_01744, 0
ECB_01745, 0
ECB_01746, 0
ECB_01747, 0
ECB_01748, 1
ECB_01749, 0
ECB_01750, 0
ECB_01751, 0
ECB_01752, 1
ECB_01753, 1
ECB_01754, 0
ECB_01755, 2
ECB_01756, 0
ECB_01757, 0
ECB_01758, 0
ECB_01759, 0
ECB_01760, 1
ECB_01761, 0
ECB_01762, 0
ECB_01763, 0
ECB_01764, 0
ECB_01765, 0
ECB_01766, 0
ECB_01767, 1
ECB_01768, 1
ECB_01769, 0
ECB_01770, 0
ECB_01771, 0
ECB_01772, 0
ECB_01773, 0
ECB_01774, 0
ECB_01775, 0
ECB_01776, 0
ECB_01777, 0
ECB_01778, 1
ECB_01779, 0
ECB_01780, 0
ECB_01781, 0
ECB_01782, 0
ECB_01783, 0
ECB_01784, 0
ECB_01785, 0
ECB_01786, 1
ECB_01787, 1
ECB_01788, 0
ECB_01789, 1
ECB_01790, 0
ECB_01791, 0
ECB_01792, 0
ECB_01793, 0
ECB_01794, 3
ECB_01795, 2
ECB_01796, 0
ECB_01797, 1
ECB_01798, 1
ECB_01799, 1
ECB_01800, 0
ECB_01801, 1
ECB_01802, 0
ECB_01803, 0
ECB_01804, 0
ECB_01805, 2
ECB_01806, 2
ECB_01807, 1
ECB_01808, 0
ECB_01809, 1
ECB_01810, 0
ECB_01811, 3
ECB_01812, 0
ECB_01813, 0
ECB_01814, 2
ECB_01815, 0
ECB_01816, 3
ECB_01817, 1
ECB_01818, 1
ECB_01819, 1
ECB_01820, 1
ECB_01821, 0
ECB_01822, 0
ECB_01823, 1
ECB_01824, 0
ECB_01825, 0
ECB_01826, 0
ECB_01827, 0
ECB_01828, 1
ECB_01829, 1
ECB_01830, 0
ECB_01831, 0
ECB_01832, 1
ECB_01833, 1
ECB_01834, 0
ECB_01835, 0
ECB_01836, 0
ECB_01837, 1
ECB_01838, 0
ECB_01839, 0
ECB_01840, 0
ECB_01841, 0
ECB_01842, 0
ECB_01843, 2
ECB_01844, 2
ECB_01845, 0
ECB_01846, 0
ECB_01847, 0
ECB_01848, 0
ECB_01849, 0
ECB_01850, 1
ECB_01851, 0
ECB_01852, 1
ECB_01853, 0
ECB_01854, 0
ECB_01855, 0
ECB_01856, 1
ECB_01857, 1
ECB_01858, 2
ECB_01859, 1
ECB_01860, 0
ECB_01861, 0
ECB_01862, 0
ECB_01863, 0
ECB_01864, 0
ECB_01865, 0
ECB_01866, 0
ECB_01867, 1
ECB_01868, 0
ECB_01869, 0
ECB_01870, 0
ECB_01871, 0
ECB_01872, 2
ECB_01873, 0
ECB_01874, 0
ECB_01875, 0
ECB_01876, 0
ECB_01877, 0
ECB_01878, 1
ECB_01879, 2
ECB_01880, 0
ECB_01881, 0
ECB_01882, 1
ECB_01883, 2
ECB_01884, 1
ECB_01885, 2
ECB_01886, 0
ECB_01887, 0
ECB_01888, 0
ECB_01889, 0
ECB_01890, 0
ECB_01891, 4
ECB_01892, 0
ECB_01892, 0
ECB_01893, 0
ECB_01894, 3
ECB_01895, 0
ECB_01896, 0
ECB_01897, 2
ECB_01898, 2
ECB_01899, 0
ECB_01900, 0
ECB_01901, 1
ECB_01902, 1
ECB_01903, 1
ECB_01904, 2
ECB_01905, 0
ECB_01906, 1
ECB_01907, 0
ECB_01908, 0
ECB_01909, 0
ECB_01910, 0
ECB_01911, 0
ECB_01912, 1
ECB_01913, 1
ECB_01914, 0
ECB_01915, 0
ECB_01916, 0
ECB_01917, 0
ECB_01918, 0
ECB_01919, 1
ECB_01920, 0
ECB_01921, 0
ECB_01922, 0
ECB_01923, 0
ECB_01924, 0
ECB_01925, 0
ECB_01926, 0
ECB_01927, 0
ECB_01928, 0
ECB_01929, 1
ECB_01930, 1
ECB_01931, 0
ECB_01932, 1
ECB_01933, 0
ECB_01934, 0
ECB_01935, 0
ECB_01936, 0
ECB_01937, 0
ECB_01938, 0
ECB_01939, 0
ECB_01940, 0
ECB_01941, 0
ECB_01942, 0
ECB_01943, 0
ECB_01944, 0
ECB_01945, 0
ECB_01946, 0
ECB_01947, 0
ECB_01948, 0
ECB_01949, 0
ECB_01950, 0
ECB_01951, 0
ECB_01952, 0
ECB_01953, 0
ECB_01954, 0
ECB_01955, 0
ECB_01956, 0
ECB_01957, 0
ECB_01958, 0
ECB_01959, 1
ECB_01960, 0
ECB_01961, 0
ECB_01962, 0
ECB_01963, 0
ECB_01964, 0
ECB_01965, 0
ECB_01966, 0
ECB_01967, 0
ECB_01968, 0
ECB_01969, 0
ECB_01970, 0
ECB_01971, 1
ECB_01972, 0
ECB_01973, 0
ECB_01974, 0
ECB_01975, 1
ECB_01976, 2
ECB_01977, 0
ECB_01978, 2
ECB_01979, 2
ECB_01980, 4
ECB_01981, 1
ECB_01982, 0
ECB_01983, 0
ECB_01984, 0
ECB_01985, 0
ECB_01986, 0
ECB_01987, 0
ECB_01988, 0
ECB_01989, 0
ECB_01990, 0
ECB_01991, 0
ECB_01992, 0
ECB_01993, 0
ECB_01994, 0
ECB_01995, 0
ECB_01996, 0
ECB_01997, 0
ECB_01998, 0
ECB_01999, 0
ECB_02000, 0
ECB_02001, 0
ECB_02002, 0
ECB_02003, 0
ECB_02004, 0
ECB_02005, 0
ECB_02006, 0
ECB_02007, 0
ECB_02008, 0
ECB_02009, 0
ECB_02010, 0
ECB_02011, 0
ECB_02012, 0
ECB_02013, 0
ECB_02014, 0
ECB_02015, 0
ECB_02016, 0
ECB_02017, 0
ECB_02018, 0
ECB_02019, 1
ECB_02020, 0
ECB_02021, 2
ECB_02022, 0
ECB_02023, 0
ECB_02021, 2
ECB_02024, 1
ECB_02025, 1
ECB_02026, 0
ECB_02027, 0
ECB_02028, 0
ECB_02029, 0
ECB_02030, 0
ECB_02031, 0
ECB_02032, 0
ECB_02033, 1
ECB_02034, 1
ECB_02035, 0
ECB_02036, 0
ECB_02037, 0
ECB_02038, 1
ECB_02039, 0
ECB_02040, 0
ECB_02041, 0
ECB_02042, 0
ECB_02043, 0
ECB_02044, 1
ECB_02045, 1
ECB_02046, 2
ECB_02047, 1
ECB_02048, 0
ECB_02049, 1
ECB_02050, 1
ECB_02051, 0
ECB_02052, 1
ECB_02053, 0
ECB_02054, 0
ECB_02055, 1
ECB_02056, 1
ECB_02057, 0
ECB_02058, 2
ECB_02059, 0
ECB_02060, 1
ECB_02061, 0
ECB_02062, 1
ECB_02063, 0
ECB_02064, 1
ECB_02065, 0
ECB_02066, 0
ECB_02067, 0
ECB_02068, 1
ECB_02069, 1
ECB_02070, 0
ECB_02071, 0
ECB_02072, 1
ECB_02073, 1
ECB_02074, 0
ECB_02075, 1
ECB_02076, 0
ECB_02077, 0
ECB_02078, 0
ECB_02079, 1
ECB_02080, 0
ECB_02081, 0
ECB_02082, 0
ECB_02083, 0
ECB_02084, 3
ECB_02085, 1
ECB_02086, 1
ECB_02087, 4
ECB_02088, 0
ECB_02089, 1
ECB_02090, 1
ECB_02091, 0
ECB_02092, 0
ECB_02093, 0
ECB_02094, 0
ECB_02095, 0
ECB_02096, 0
ECB_02097, 0
ECB_02098, 1
ECB_02099, 1
ECB_02100, 1
ECB_02101, 0
ECB_02102, 0
ECB_02103, 0
ECB_02104, 0
ECB_02105, 0
ECB_02106, 1
ECB_02107, 1
ECB_02108, 0
ECB_02109, 3
ECB_02110, 0
ECB_02111, 0
ECB_02112, 1
ECB_02113, 0
ECB_02114, 1
ECB_02115, 1
ECB_02116, 1
ECB_02117, 0
ECB_02118, 3
ECB_02119, 1
ECB_02120, 0
ECB_02121, 0
ECB_02122, 0
ECB_02123, 2
ECB_02124, 0
ECB_02125, 0
ECB_02126, 0
ECB_02127, 0
ECB_02128, 0
ECB_02129, 0
ECB_02130, 1
ECB_02131, 0
ECB_02132, 1
ECB_02133, 1
ECB_02134, 0
ECB_02135, 0
ECB_02136, 1
ECB_02137, 1
ECB_02138, 1
ECB_02139, 0
ECB_02140, 1
ECB_02141, 2
ECB_02142, 0
ECB_02143, 0
ECB_02144, 0
ECB_02145, 2
ECB_02146, 1
ECB_02147, 0
ECB_02148, 2
ECB_02149, 1
ECB_02150, 0
ECB_02151, 1
ECB_02152, 0
ECB_02153, 1
ECB_02154, 1
ECB_02155, 0
ECB_02156, 0
ECB_02157, 2
ECB_02158, 0
ECB_02159, 1
ECB_02160, 2
ECB_02161, 1
ECB_02162, 0
ECB_02163, 0
ECB_02164, 0
ECB_02165, 0
ECB_02166, 1
ECB_02167, 1
ECB_02168, 1
ECB_02169, 2
ECB_02170, 1
ECB_02171, 1
ECB_02172, 0
ECB_02173, 0
ECB_02174, 1
ECB_02175, 0
ECB_02176, 0
ECB_02177, 0
ECB_02178, 0
ECB_02179, 1
ECB_02180, 0
ECB_02181, 0
ECB_02182, 1
ECB_02183, 1
ECB_02184, 1
ECB_02185, 1
ECB_02186, 1
ECB_02187, 1
ECB_02188, 0
ECB_02189, 0
ECB_02190, 1
ECB_02191, 0
ECB_02192, 0
ECB_02193, 0
ECB_02194, 1
ECB_02195, 0
ECB_02196, 1
ECB_02197, 1
ECB_02197, 1
ECB_02198, 0
ECB_02199, 0
ECB_02200, 1
ECB_02201, 0
ECB_02202, 1
ECB_02203, 0
ECB_02204, 0
ECB_02205, 0
ECB_02206, 0
ECB_02207, 0
ECB_02208, 3
ECB_02209, 0
ECB_02210, 0
ECB_02211, 1
ECB_02212, 0
ECB_02213, 0
ECB_02214, 0
ECB_02215, 0
ECB_02216, 0
ECB_02217, 0
ECB_02218, 0
ECB_02219, 0
ECB_02220, 0
ECB_02221, 0
ECB_02222, 1
ECB_02223, 1
ECB_02224, 0
ECB_02225, 2
ECB_02226, 1
ECB_02227, 0
ECB_02228, 1
ECB_02229, 1
ECB_02230, 0
ECB_02231, 0
ECB_02232, 1
ECB_02233, 0
ECB_02234, 0
ECB_02235, 1
ECB_02236, 0
ECB_02237, 1
ECB_02238, 0
ECB_02239, 1
ECB_02240, 0
ECB_02241, 2
ECB_02242, 0
ECB_02243, 1
ECB_02244, 0
ECB_02245, 0
ECB_02246, 0
ECB_02247, 0
ECB_02248, 2
ECB_02249, 1
ECB_02250, 0
ECB_02251, 0
ECB_02252, 0
ECB_02253, 1
ECB_02254, 1
ECB_02255, 1
ECB_02256, 0
ECB_02257, 1
ECB_02258, 0
ECB_02259, 0
ECB_02260, 0
ECB_02261, 0
ECB_02262, 0
ECB_02263, 2
ECB_02264, 1
ECB_02265, 0
ECB_02266, 1
ECB_02267, 1
ECB_02268, 0
ECB_02269, 0
ECB_02269, 0
ECB_02270, 0
ECB_02271, 0
ECB_02269, 0
ECB_02272, 0
ECB_02273, 0
ECB_02274, 2
ECB_02275, 1
ECB_02276, 0
ECB_02277, 1
ECB_02278, 1
ECB_02279, 0
ECB_02280, 1
ECB_02281, 1
ECB_02282, 1
ECB_02283, 0
ECB_02284, 2
ECB_02285, 0
ECB_02286, 1
ECB_02287, 0
ECB_02288, 0
ECB_02289, 1
ECB_02290, 1
ECB_02291, 0
ECB_02292, 0
ECB_02293, 0
ECB_02294, 1
ECB_02295, 1
ECB_02296, 1
ECB_02297, 0
ECB_02298, 1
ECB_02299, 0
ECB_02300, 0
ECB_02301, 2
ECB_02302, 2
ECB_02303, 1
ECB_02304, 0
ECB_02305, 0
ECB_02306, 1
ECB_02307, 0
ECB_02308, 0
ECB_02309, 0
ECB_02310, 0
ECB_02311, 0
ECB_02312, 0
ECB_02313, 1
ECB_02314, 0
ECB_02315, 0
ECB_02316, 0
ECB_02317, 1
ECB_02318, 0
ECB_02319, 0
ECB_02320, 0
ECB_02321, 0
ECB_02322, 0
ECB_02323, 0
ECB_02324, 1
ECB_02325, 0
ECB_02326, 0
ECB_02327, 0
ECB_02328, 1
ECB_02329, 2
ECB_02330, 0
ECB_02331, 0
ECB_02332, 1
ECB_02333, 0
ECB_02334, 0
ECB_02335, 1
ECB_02336, 0
ECB_02337, 0
ECB_02338, 1
ECB_02339, 1
ECB_02340, 1
ECB_02341, 0
ECB_02342, 0
ECB_02343, 0
ECB_02344, 2
ECB_02345, 0
ECB_02346, 0
ECB_02347, 1
ECB_02348, 0
ECB_02349, 1
ECB_02350, 1
ECB_02351, 0
ECB_02352, 0
ECB_02353, 1
ECB_02354, 1
ECB_02355, 1
ECB_02356, 0
ECB_02357, 2
ECB_02358, 0
ECB_02359, 0
ECB_02360, 0
ECB_02361, 4
ECB_02362, 3
ECB_02363, 1
ECB_02364, 0
ECB_02365, 1
ECB_02366, 0
ECB_02367, 1
ECB_02368, 0
ECB_02369, 0
ECB_02370, 1
ECB_02371, 2
ECB_02372, 0
ECB_02373, 0
ECB_02374, 2
ECB_02375, 0
ECB_02375, 0
ECB_02376, 0
ECB_02377, 1
ECB_02378, 2
ECB_02379, 1
ECB_02380, 0
ECB_02381, 0
ECB_02382, 0
ECB_02383, 0
ECB_02384, 1
ECB_02385, 0
ECB_02386, 1
ECB_02387, 0
ECB_02388, 1
ECB_02389, 1
ECB_02390, 0
ECB_02391, 0
ECB_02392, 1
ECB_02393, 2
ECB_02394, 0
ECB_02395, 1
ECB_02396, 0
ECB_02397, 0
ECB_02398, 0
ECB_02399, 0
ECB_02400, 0
ECB_02401, 0
ECB_02402, 0
ECB_02403, 0
ECB_02404, 0
ECB_02405, 1
ECB_02406, 0
ECB_02407, 0
ECB_02408, 0
ECB_02409, 0
ECB_02410, 0
ECB_02411, 1
ECB_02412, 3
ECB_02413, 1
ECB_02414, 0
ECB_02415, 1
ECB_02416, 0
ECB_02417, 0
ECB_02418, 0
ECB_02419, 0
ECB_02420, 0
ECB_02421, 0
ECB_02422, 0
ECB_02423, 1
ECB_02424, 1
ECB_02425, 0
ECB_02426, 1
ECB_02427, 0
ECB_02428, 2
ECB_02429, 0
ECB_02430, 0
ECB_02431, 0
ECB_02432, 0
ECB_02433, 1
ECB_02434, 0
ECB_02435, 2
ECB_02436, 0
ECB_02437, 0
ECB_02438, 0
ECB_02439, 1
ECB_02440, 0
ECB_02441, 0
ECB_02442, 1
ECB_02443, 1
ECB_02444, 0
ECB_02445, 0
ECB_02446, 1
ECB_02447, 0
ECB_02448, 1
ECB_02449, 0
ECB_02450, 0
ECB_02451, 0
ECB_02452, 0
ECB_02450, 0
ECB_02453, 0
ECB_02454, 2
ECB_02455, 0
ECB_02456, 0
ECB_02457, 0
ECB_02458, 0
ECB_02459, 1
ECB_02460, 0
ECB_02461, 1
ECB_02462, 0
ECB_02463, 1
ECB_02464, 1
ECB_02465, 1
ECB_02466, 0
ECB_02467, 1
ECB_02468, 2
ECB_02469, 1
ECB_02470, 0
ECB_02471, 0
ECB_02472, 0
ECB_02473, 0
ECB_02474, 0
ECB_02475, 3
ECB_02476, 0
ECB_02477, 0
ECB_02478, 1
ECB_02479, 0
ECB_02480, 0
ECB_02481, 2
ECB_02482, 2
ECB_02483, 0
ECB_02484, 0
ECB_02485, 1
ECB_02486, 0
ECB_02487, 0
ECB_02488, 1
ECB_02489, 0
ECB_02490, 0
ECB_02491, 0
ECB_02492, 0
ECB_02493, 0
ECB_02494, 0
ECB_02495, 1
ECB_02496, 0
ECB_02497, 0
ECB_02498, 0
ECB_02499, 0
ECB_02500, 0
ECB_02501, 0
ECB_02502, 1
ECB_02503, 0
ECB_02504, 0
ECB_02505, 0
ECB_02506, 0
ECB_02507, 0
ECB_02508, 0
ECB_02509, 2
ECB_02510, 1
ECB_02511, 0
ECB_02512, 0
ECB_02513, 0
ECB_02514, 0
ECB_02515, 0
ECB_02516, 0
ECB_02517, 0
ECB_02518, 0
ECB_02519, 0
ECB_02520, 0
ECB_02521, 0
ECB_02522, 0
ECB_02523, 0
ECB_02524, 0
ECB_02525, 0
ECB_02526, 0
ECB_02527, 0
ECB_02528, 1
ECB_02529, 0
ECB_02530, 0
ECB_02531, 1
ECB_02532, 0
ECB_02533, 0
ECB_02534, 1
ECB_02535, 1
ECB_02536, 0
ECB_02537, 0
ECB_02538, 0
ECB_02539, 2
ECB_02540, 1
ECB_02541, 1
ECB_02542, 0
ECB_02543, 1
ECB_02544, 0
ECB_02545, 0
ECB_02546, 0
ECB_02547, 0
ECB_02548, 0
ECB_02549, 0
ECB_02550, 0
ECB_02551, 0
ECB_02552, 0
ECB_02553, 1
ECB_02554, 0
ECB_02555, 2
ECB_02556, 1
ECB_02557, 0
ECB_02558, 1
ECB_02559, 1
ECB_02560, 0
ECB_02561, 1
ECB_02562, 1
ECB_02563, 0
ECB_02564, 1
ECB_02565, 2
ECB_02566, 2
ECB_02567, 1
ECB_02568, 0
ECB_02569, 0
ECB_02570, 0
ECB_02571, 1
ECB_02572, 0
ECB_02573, 0
ECB_02574, 0
ECB_02575, 1
ECB_02576, 0
ECB_02577, 0
ECB_02578, 0
ECB_02579, 0
ECB_02580, 1
ECB_02581, 0
ECB_02582, 0
ECB_02583, 2
ECB_02584, 2
ECB_02585, 0
ECB_02586, 0
ECB_02587, 1
ECB_02588, 0
ECB_02589, 1
ECB_02590, 1
ECB_02591, 0
ECB_02592, 0
ECB_02593, 0
ECB_02594, 0
ECB_02595, 0
ECB_02596, 1
ECB_02597, 0
ECB_02598, 0
ECB_02599, 0
ECB_02600, 0
ECB_02601, 0
ECB_02602, 1
ECB_02603, 2
ECB_02604, 1
ECB_02605, 0
ECB_02606, 0
ECB_02607, 0
ECB_02608, 0
ECB_02609, 0
ECB_02610, 1
ECB_02611, 0
ECB_02612, 0
ECB_02613, 0
ECB_02614, 1
ECB_02615, 0
ECB_02616, 2
ECB_02617, 1
ECB_02618, 0
ECB_02619, 1
ECB_02620, 2
ECB_02621, 0
ECB_02622, 0
ECB_02623, 1
ECB_02624, 0
ECB_02625, 0
ECB_02626, 0
ECB_02627, 1
ECB_02628, 0
ECB_02629, 1
ECB_02630, 1
ECB_02631, 2
ECB_02632, 0
ECB_02633, 1
ECB_02634, 0
ECB_02635, 0
ECB_02636, 1
ECB_02637, 0
ECB_02638, 0
ECB_02639, 0
ECB_02640, 0
ECB_02641, 2
ECB_02642, 1
ECB_02643, 0
ECB_02644, 0
ECB_02645, 1
ECB_02646, 0
ECB_02647, 0
ECB_02645, 1
ECB_02648, 0
ECB_02649, 1
ECB_02650, 0
ECB_02651, 0
ECB_02652, 1
ECB_02653, 0
ECB_02654, 1
ECB_02655, 0
ECB_02656, 0
ECB_02657, 0
ECB_02658, 0
ECB_02659, 0
ECB_02660, 2
ECB_02661, 1
ECB_02662, 0
ECB_02663, 1
ECB_02664, 0
ECB_02665, 2
ECB_02666, 1
ECB_02667, 1
ECB_02668, 0
ECB_02669, 1
ECB_02670, 2
ECB_02671, 0
ECB_02672, 0
ECB_02673, 1
ECB_02674, 1
ECB_02675, 1
ECB_02676, 1
ECB_02677, 1
ECB_02678, 0
ECB_02679, 1
ECB_02680, 0
ECB_02681, 0
ECB_02682, 0
ECB_02683, 1
ECB_02684, 1
ECB_02685, 1
ECB_02686, 0
ECB_02687, 1
ECB_02688, 0
ECB_02689, 0
ECB_02690, 0
ECB_02691, 0
ECB_02692, 0
ECB_02693, 2
ECB_02694, 0
ECB_02695, 0
ECB_02696, 0
ECB_02697, 0
ECB_02698, 0
ECB_02699, 0
ECB_02700, 0
ECB_02701, 1
ECB_02702, 0
ECB_02703, 0
ECB_02704, 0
ECB_02705, 1
ECB_02706, 3
ECB_02707, 1
ECB_02708, 1
ECB_02709, 0
ECB_02710, 1
ECB_02711, 0
ECB_02712, 0
ECB_02713, 1
ECB_02714, 3
ECB_02715, 1
ECB_02716, 1
ECB_02717, 1
ECB_02718, 1
ECB_02719, 0
ECB_02720, 0
ECB_02721, 0
ECB_02722, 0
ECB_02723, 1
ECB_02724, 1
ECB_02725, 2
ECB_02726, 0
ECB_02727, 0
ECB_02728, 0
ECB_02729, 2
ECB_02730, 0
ECB_02731, 0
ECB_02732, 0
ECB_02733, 0
ECB_02734, 0
ECB_02735, 1
ECB_02736, 1
ECB_02737, 1
ECB_02738, 2
ECB_02739, 0
ECB_02740, 0
ECB_02741, 0
ECB_02742, 0
ECB_02743, 0
ECB_02744, 0
ECB_02745, 0
ECB_02746, 0
ECB_02747, 0
ECB_02748, 2
ECB_02749, 2
ECB_02750, 0
ECB_02751, 0
ECB_02752, 0
ECB_02753, 0
ECB_02754, 0
ECB_02755, 1
ECB_02756, 0
ECB_02757, 0
ECB_02758, 0
ECB_02759, 0
ECB_02760, 0
ECB_02761, 1
ECB_02762, 0
ECB_02763, 0
ECB_02764, 0
ECB_02765, 0
ECB_02766, 1
ECB_02767, 0
ECB_02768, 0
ECB_02769, 0
ECB_02770, 0
ECB_02771, 0
ECB_02772, 0
ECB_02773, 0
ECB_02774, 0
ECB_02775, 1
ECB_02776, 1
ECB_02777, 1
ECB_02778, 0
ECB_02779, 0
ECB_02780, 1
ECB_02781, 0
ECB_02782, 0
ECB_02783, 0
ECB_02784, 0
ECB_02785, 0
ECB_02786, 0
ECB_02787, 1
ECB_02788, 1
ECB_02789, 1
ECB_02790, 1
ECB_02791, 1
ECB_02792, 0
ECB_02793, 0
ECB_02794, 1
ECB_02795, 1
ECB_02796, 0
ECB_02797, 0
ECB_02798, 2
ECB_02799, 1
ECB_02800, 1
ECB_02801, 2
ECB_02802, 0
ECB_02803, 1
ECB_02804, 0
ECB_02805, 1
ECB_02806, 1
ECB_02807, 1
ECB_02808, 0
ECB_02809, 0
ECB_02810, 0
ECB_02811, 0
ECB_02812, 0
ECB_02813, 0
ECB_02814, 0
ECB_02815, 0
ECB_02816, 0
ECB_02817, 0
ECB_02818, 0
ECB_02819, 0
ECB_02820, 0
ECB_02821, 0
ECB_02822, 1
ECB_02823, 1
ECB_02824, 0
ECB_02825, 0
ECB_02826, 0
ECB_02827, 2
ECB_02828, 1
ECB_02829, 1
ECB_02830, 0
ECB_02831, 0
ECB_02832, 0
ECB_02833, 0
ECB_02834, 0
ECB_02835, 0
ECB_02836, 0
ECB_02837, 1
ECB_02838, 3
ECB_02839, 1
ECB_02840, 1
ECB_02841, 2
ECB_02842, 5
ECB_02843, 0
ECB_02844, 0
ECB_02845, 1
ECB_02846, 0
ECB_02847, 0
ECB_02848, 1
ECB_02849, 1
ECB_02850, 0
ECB_02851, 1
ECB_02852, 0
ECB_02853, 0
ECB_02854, 1
ECB_02855, 3
ECB_02856, 1
ECB_02857, 1
ECB_02858, 0
ECB_02859, 0
ECB_02860, 1
ECB_02861, 0
ECB_02862, 0
ECB_02863, 0
ECB_02864, 0
ECB_02865, 2
ECB_02866, 0
ECB_02867, 0
ECB_02868, 0
ECB_02869, 0
ECB_02870, 1
ECB_02871, 1
ECB_02872, 0
ECB_02873, 0
ECB_02873, 0
ECB_02874, 0
ECB_02875, 0
ECB_02876, 0
ECB_02877, 0
ECB_02878, 1
ECB_02879, 0
ECB_02880, 1
ECB_02881, 0
ECB_02882, 1
ECB_02883, 0
ECB_02884, 1
ECB_02885, 1
ECB_02886, 1
ECB_02887, 0
ECB_02888, 1
ECB_02889, 1
ECB_02890, 0
ECB_02891, 0
ECB_02892, 0
ECB_02893, 0
ECB_02894, 0
ECB_02895, 0
ECB_02896, 1
ECB_02897, 0
ECB_02898, 1
ECB_02899, 0
ECB_02900, 0
ECB_02901, 0
ECB_02902, 1
ECB_02903, 0
ECB_02904, 0
ECB_02905, 0
ECB_02906, 0
ECB_02907, 0
ECB_02908, 0
ECB_02909, 0
ECB_02910, 2
ECB_02911, 1
ECB_02912, 4
ECB_02913, 2
ECB_02914, 0
ECB_02915, 1
ECB_02916, 1
ECB_02917, 1
ECB_02918, 1
ECB_02919, 0
ECB_02920, 0
ECB_02921, 3
ECB_02922, 2
ECB_02923, 1
ECB_02924, 1
ECB_02925, 0
ECB_02926, 1
ECB_02927, 1
ECB_02928, 0
ECB_02929, 0
ECB_02930, 1
ECB_02931, 0
ECB_02932, 1
ECB_02933, 1
ECB_02934, 1
ECB_02935, 0
ECB_02936, 1
ECB_02937, 3
ECB_02938, 0
ECB_02939, 1
ECB_02940, 0
ECB_02941, 0
ECB_02942, 2
ECB_02943, 1
ECB_02944, 1
ECB_02945, 0
ECB_02946, 0
ECB_02947, 0
ECB_02948, 1
ECB_02949, 2
ECB_02950, 1
ECB_02951, 0
ECB_02952, 0
ECB_02953, 1
ECB_02954, 0
ECB_02955, 0
ECB_02956, 0
ECB_02957, 1
ECB_02958, 1
ECB_02959, 0
ECB_02960, 0
ECB_02961, 0
ECB_02962, 4
ECB_02963, 0
ECB_02964, 0
ECB_02965, 0
ECB_02966, 1
ECB_02967, 0
ECB_02968, 0
ECB_02969, 0
ECB_02970, 0
ECB_02971, 1
ECB_02972, 1
ECB_02973, 0
ECB_02974, 1
ECB_02975, 2
ECB_02976, 0
ECB_02977, 1
ECB_02978, 1
ECB_02979, 1
ECB_02980, 0
ECB_02981, 1
ECB_02982, 0
ECB_02983, 1
ECB_02984, 0
ECB_02985, 0
ECB_02986, 0
ECB_02987, 0
ECB_02988, 1
ECB_02989, 1
ECB_02990, 0
ECB_02991, 0
ECB_02992, 1
ECB_02993, 0
ECB_02994, 0
ECB_02995, 0
ECB_02996, 1
ECB_02997, 2
ECB_02998, 0
ECB_02999, 0
ECB_03000, 0
ECB_03001, 0
ECB_03002, 0
ECB_03003, 1
ECB_03004, 2
ECB_03005, 0
ECB_03006, 1
ECB_03007, 0
ECB_03008, 0
ECB_03009, 0
ECB_03010, 0
ECB_03011, 0
ECB_03012, 1
ECB_03013, 0
ECB_03014, 0
ECB_03015, 1
ECB_03016, 0
ECB_03017, 0
ECB_03018, 0
ECB_03019, 1
ECB_03020, 0
ECB_03021, 0
ECB_03022, 0
ECB_03023, 0
ECB_03024, 0
ECB_03025, 1
ECB_03026, 0
ECB_03027, 1
ECB_03028, 2
ECB_03029, 3
ECB_03030, 1
ECB_03031, 0
ECB_03032, 0
ECB_03033, 0
ECB_03034, 0
ECB_03035, 2
ECB_03036, 1
ECB_03037, 2
ECB_03038, 0
ECB_03039, 0
ECB_03040, 1
ECB_03041, 0
ECB_03042, 1
ECB_03043, 1
ECB_03044, 1
ECB_03045, 0
ECB_03046, 0
ECB_03047, 0
ECB_03048, 0
ECB_03049, 0
ECB_03050, 0
ECB_03051, 1
ECB_03052, 2
ECB_03053, 0
ECB_03054, 0
ECB_03055, 1
ECB_03056, 1
ECB_03057, 0
ECB_03058, 0
ECB_03059, 0
ECB_03060, 0
ECB_03061, 0
ECB_03062, 1
ECB_03063, 0
ECB_03064, 0
ECB_03065, 0
ECB_03066, 0
ECB_03067, 0
ECB_03068, 1
ECB_03069, 0
ECB_03070, 0
ECB_03071, 0
ECB_03072, 0
ECB_03073, 0
ECB_03074, 0
ECB_03075, 2
ECB_03076, 1
ECB_03077, 1
ECB_03078, 0
ECB_03079, 0
ECB_03080, 0
ECB_03081, 0
ECB_03082, 1
ECB_03083, 0
ECB_03084, 0
ECB_03085, 0
ECB_03086, 0
ECB_03087, 3
ECB_03088, 0
ECB_03089, 0
ECB_03090, 0
ECB_03091, 0
ECB_03092, 0
ECB_03093, 0
ECB_03094, 0
ECB_03095, 1
ECB_03096, 2
ECB_03097, 2
ECB_03098, 0
ECB_03099, 0
ECB_03100, 1
ECB_03101, 0
ECB_03102, 0
ECB_03103, 1
ECB_03104, 1
ECB_03105, 3
ECB_03106, 1
ECB_03107, 1
ECB_03108, 1
ECB_03109, 0
ECB_03110, 0
ECB_03111, 1
ECB_03112, 1
ECB_03113, 1
ECB_03114, 0
ECB_03115, 0
ECB_03116, 0
ECB_03117, 0
ECB_03118, 1
ECB_03119, 2
ECB_03120, 0
ECB_03121, 0
ECB_03122, 0
ECB_03123, 1
ECB_03124, 1
ECB_03125, 0
ECB_03126, 0
ECB_03127, 0
ECB_03128, 0
ECB_03129, 0
ECB_03130, 5
ECB_03131, 0
ECB_03132, 1
ECB_03133, 1
ECB_03134, 0
ECB_03135, 1
ECB_03136, 0
ECB_03137, 0
ECB_03138, 0
ECB_03139, 0
ECB_03140, 1
ECB_03141, 0
ECB_03142, 1
ECB_03143, 0
ECB_03144, 0
ECB_03145, 0
ECB_03146, 0
ECB_03147, 1
ECB_03148, 0
ECB_03149, 1
ECB_03150, 0
ECB_03151, 1
ECB_03152, 0
ECB_03153, 0
ECB_03154, 1
ECB_03155, 0
ECB_03156, 2
ECB_03157, 0
ECB_03158, 0
ECB_03159, 0
ECB_03160, 0
ECB_03161, 0
ECB_03162, 0
ECB_03163, 0
ECB_03164, 0
ECB_03165, 0
ECB_03166, 0
ECB_03167, 0
ECB_03168, 0
ECB_03169, 0
ECB_03170, 0
ECB_03171, 0
ECB_03172, 0
ECB_03173, 0
ECB_03174, 0
ECB_03175, 1
ECB_03176, 1
ECB_03177, 0
ECB_03178, 0
ECB_03179, 0
ECB_03180, 0
ECB_03181, 0
ECB_03182, 0
ECB_03183, 1
ECB_03184, 0
ECB_03185, 0
ECB_03186, 0
ECB_03187, 0
ECB_03188, 0
ECB_03189, 0
ECB_03190, 0
ECB_03191, 2
ECB_03192, 1
ECB_03193, 0
ECB_03194, 0
ECB_03195, 0
ECB_03196, 0
ECB_03197, 1
ECB_03198, 1
ECB_03199, 0
ECB_03200, 0
ECB_03201, 0
ECB_03202, 1
ECB_03203, 0
ECB_03204, 0
ECB_03205, 0
ECB_03206, 1
ECB_03207, 0
ECB_03208, 0
ECB_03209, 2
ECB_03210, 0
ECB_03211, 1
ECB_03212, 0
ECB_03213, 0
ECB_03214, 0
ECB_03215, 0
ECB_03216, 0
ECB_03217, 0
ECB_03218, 0
ECB_03219, 0
ECB_03220, 0
ECB_03221, 0
ECB_03222, 0
ECB_03223, 0
ECB_03224, 1
ECB_03225, 0
ECB_03226, 0
ECB_03227, 0
ECB_03228, 0
ECB_03226, 0
ECB_03229, 0
ECB_03230, 0
ECB_03231, 1
ECB_03232, 0
ECB_03233, 0
ECB_03234, 0
ECB_03235, 1
ECB_03236, 0
ECB_03237, 0
ECB_03238, 0
ECB_03239, 1
ECB_03240, 1
ECB_03241, 0
ECB_03242, 0
ECB_03243, 0
ECB_03244, 0
ECB_03245, 0
ECB_03246, 0
ECB_03247, 0
ECB_03248, 1
ECB_03249, 0
ECB_03250, 0
ECB_03251, 0
ECB_03252, 0
ECB_03253, 1
ECB_03254, 0
ECB_03255, 3
ECB_03256, 2
ECB_03257, 0
ECB_03258, 1
ECB_03259, 1
ECB_03260, 0
ECB_03261, 1
ECB_03262, 1
ECB_03263, 1
ECB_03264, 0
ECB_03265, 0
ECB_03266, 1
ECB_03267, 3
ECB_03268, 1
ECB_03269, 0
ECB_03270, 3
ECB_03271, 2
ECB_03272, 0
ECB_03273, 0
ECB_03274, 1
ECB_03275, 2
ECB_03276, 1
ECB_03277, 0
ECB_03278, 1
ECB_03279, 1
ECB_03278, 1
ECB_03280, 2
ECB_03281, 2
ECB_03282, 1
ECB_03283, 1
ECB_03284, 0
ECB_03285, 2
ECB_03286, 2
ECB_03287, 1
ECB_03288, 0
ECB_03289, 0
ECB_03290, 0
ECB_03291, 0
ECB_03292, 0
ECB_03293, 0
ECB_03294, 0
ECB_03295, 0
ECB_03296, 0
ECB_03297, 0
ECB_03298, 0
ECB_03299, 1
ECB_03300, 1
ECB_03301, 2
ECB_03302, 0
ECB_03303, 0
ECB_03304, 0
ECB_03305, 0
ECB_03306, 0
ECB_03307, 2
ECB_03308, 1
ECB_03309, 0
ECB_03310, 1
ECB_03311, 2
ECB_03312, 0
ECB_03313, 0
ECB_03314, 0
ECB_03315, 0
ECB_03316, 0
ECB_03317, 1
ECB_03318, 1
ECB_03319, 0
ECB_03320, 0
ECB_03321, 0
ECB_03322, 2
ECB_03323, 2
ECB_03324, 1
ECB_03325, 0
ECB_03326, 0
ECB_03327, 0
ECB_03328, 0
ECB_03329, 0
ECB_03330, 0
ECB_03331, 0
ECB_03332, 0
ECB_03333, 0
ECB_03334, 1
ECB_03335, 1
ECB_03336, 1
ECB_03337, 1
ECB_03338, 0
ECB_03339, 0
ECB_03340, 1
ECB_03341, 1
ECB_03342, 0
ECB_03343, 0
ECB_03344, 1
ECB_03345, 1
ECB_03346, 2
ECB_03347, 2
ECB_03348, 0
ECB_03349, 1
ECB_03350, 0
ECB_03351, 0
ECB_03352, 1
ECB_03353, 1
ECB_03354, 0
ECB_03355, 0
ECB_03356, 0
ECB_03357, 0
ECB_03358, 0
ECB_03359, 0
ECB_03360, 0
ECB_03361, 0
ECB_03362, 1
ECB_03363, 0
ECB_03364, 0
ECB_03365, 1
ECB_03366, 0
ECB_03367, 2
ECB_03368, 1
ECB_03369, 1
ECB_03370, 0
ECB_03371, 1
ECB_03372, 4
ECB_03373, 0
ECB_03374, 1
ECB_03375, 2
ECB_03376, 3
ECB_03377, 4
ECB_03378, 2
ECB_03379, 0
ECB_03380, 1
ECB_03381, 0
ECB_03382, 0
ECB_03383, 1
ECB_03384, 0
ECB_03385, 0
ECB_03386, 0
ECB_03387, 0
ECB_03388, 0
ECB_03389, 0
ECB_03390, 0
ECB_03391, 0
ECB_03392, 0
ECB_03393, 0
ECB_03394, 1
ECB_03395, 1
ECB_03396, 0
ECB_03397, 1
ECB_03398, 1
ECB_03399, 0
ECB_03400, 0
ECB_03401, 1
ECB_03402, 0
ECB_03403, 0
ECB_03404, 0
ECB_03405, 0
ECB_03406, 1
ECB_03407, 0
ECB_03408, 0
ECB_03409, 0
ECB_03410, 0
ECB_03411, 0
ECB_03412, 0
ECB_03413, 0
ECB_03414, 1
ECB_03415, 1
ECB_03416, 0
ECB_03417, 1
ECB_03418, 2
ECB_03419, 0
ECB_03419, 0
ECB_03420, 0
ECB_03421, 0
ECB_03422, 0
ECB_03423, 2
ECB_03424, 1
ECB_03425, 1
ECB_03426, 0
ECB_03427, 0
ECB_03428, 0
ECB_03429, 0
ECB_03430, 0
ECB_03431, 1
ECB_03432, 1
ECB_03433, 0
ECB_03434, 0
ECB_03435, 0
ECB_03436, 0
ECB_03437, 1
ECB_03438, 2
ECB_03439, 0
ECB_03440, 1
ECB_03441, 0
ECB_03442, 0
ECB_03443, 0
ECB_03444, 1
ECB_03445, 2
ECB_03446, 1
ECB_03447, 0
ECB_03448, 1
ECB_03449, 0
ECB_03450, 0
ECB_03451, 0
ECB_03452, 0
ECB_03453, 0
ECB_03454, 0
ECB_03455, 0
ECB_03456, 0
ECB_03457, 0
ECB_03458, 1
ECB_03459, 2
ECB_03460, 4
ECB_03461, 2
ECB_03462, 0
ECB_03463, 0
ECB_03464, 0
ECB_03465, 1
ECB_03466, 0
ECB_03467, 2
ECB_03468, 1
ECB_03469, 0
ECB_03470, 0
ECB_03471, 0
ECB_03472, 0
ECB_03473, 0
ECB_03474, 0
ECB_03475, 0
ECB_03476, 0
ECB_03477, 0
ECB_03478, 1
ECB_03479, 2
ECB_03480, 0
ECB_03481, 0
ECB_03482, 0
ECB_03483, 0
ECB_03484, 0
ECB_03485, 0
ECB_03483, 0
ECB_03486, 1
ECB_03487, 0
ECB_03488, 0
ECB_03489, 0
ECB_03490, 0
ECB_03491, 1
ECB_03492, 0
ECB_03493, 0
ECB_03494, 0
ECB_03495, 0
ECB_03496, 0
ECB_03497, 0
ECB_03498, 0
ECB_03499, 0
ECB_03500, 0
ECB_03501, 1
ECB_03502, 1
ECB_03503, 1
ECB_03504, 2
ECB_03505, 0
ECB_03506, 0
ECB_03507, 2
ECB_03508, 0
ECB_03509, 1
ECB_03510, 0
ECB_03511, 0
ECB_03512, 0
ECB_03513, 0
ECB_03514, 0
ECB_03515, 0
ECB_03516, 0
ECB_03517, 0
ECB_03518, 0
ECB_03519, 0
ECB_03520, 1
ECB_03521, 1
ECB_03522, 0
ECB_03523, 0
ECB_03524, 0
ECB_03525, 0
ECB_03526, 0
ECB_03527, 0
ECB_03528, 0
ECB_03529, 0
ECB_03530, 0
ECB_03531, 0
ECB_03532, 1
ECB_03533, 0
ECB_03534, 0
ECB_03535, 0
ECB_03536, 2
ECB_03537, 0
ECB_03538, 0
ECB_03539, 0
ECB_03540, 0
ECB_03541, 0
ECB_03542, 1
ECB_03543, 1
ECB_03544, 0
ECB_03545, 0
ECB_03546, 1
ECB_03547, 0
ECB_03548, 0
ECB_03549, 2
ECB_03550, 2
ECB_03551, 0
ECB_03552, 0
ECB_03553, 1
ECB_03554, 0
ECB_03555, 0
ECB_03556, 0
ECB_03557, 0
ECB_03558, 0
ECB_03559, 0
ECB_03560, 1
ECB_03561, 0
ECB_03562, 0
ECB_03563, 1
ECB_03564, 0
ECB_03565, 2
ECB_03566, 3
ECB_03567, 0
ECB_03567, 0
ECB_03568, 0
ECB_03569, 0
ECB_03570, 0
ECB_03571, 0
ECB_03572, 0
ECB_03573, 0
ECB_03574, 1
ECB_03575, 0
ECB_03576, 0
ECB_03577, 1
ECB_03578, 1
ECB_03579, 0
ECB_03580, 1
ECB_03581, 0
ECB_03582, 0
ECB_03583, 0
ECB_03584, 0
ECB_03585, 1
ECB_03586, 0
ECB_03587, 0
ECB_03588, 0
ECB_03589, 0
ECB_03590, 0
ECB_03591, 0
ECB_03592, 1
ECB_03593, 1
ECB_03594, 0
ECB_03595, 0
ECB_03596, 0
ECB_03597, 0
ECB_03598, 1
ECB_03599, 2
ECB_03600, 1
ECB_03601, 0
ECB_03602, 0
ECB_03603, 2
ECB_03604, 2
ECB_03605, 0
ECB_03606, 2
ECB_03607, 0
ECB_03608, 1
ECB_03609, 0
ECB_03610, 0
ECB_03611, 1
ECB_03612, 0
ECB_03613, 2
ECB_03614, 1
ECB_03615, 0
ECB_03616, 1
ECB_03617, 0
ECB_03618, 1
ECB_03619, 0
ECB_03620, 0
ECB_03621, 0
ECB_03622, 0
ECB_03623, 0
ECB_03624, 0
ECB_03624, 0
ECB_03625, 2
ECB_03626, 1
ECB_03627, 0
ECB_03628, 0
ECB_03629, 1
ECB_03630, 0
ECB_03631, 1
ECB_03632, 0
ECB_03633, 0
ECB_03634, 0
ECB_03635, 0
ECB_03636, 0
ECB_03637, 0
ECB_03638, 0
ECB_03639, 0
ECB_03640, 0
ECB_03641, 0
ECB_03642, 1
ECB_03643, 1
ECB_03644, 1
ECB_03645, 0
ECB_03646, 1
ECB_03647, 0
ECB_03648, 1
ECB_03649, 0
ECB_03650, 2
ECB_03651, 0
ECB_03652, 1
ECB_03653, 0
ECB_03654, 0
ECB_03655, 1
ECB_03656, 1
ECB_03657, 2
ECB_03658, 1
ECB_03659, 0
ECB_03660, 0
ECB_03661, 0
ECB_03662, 2
ECB_03663, 0
ECB_03664, 1
ECB_03665, 0
ECB_03666, 1
ECB_03667, 0
ECB_03668, 1
ECB_03669, 0
ECB_03670, 0
ECB_03671, 1
ECB_03672, 0
ECB_03673, 2
ECB_03674, 0
ECB_03675, 2
ECB_03676, 0
ECB_03677, 0
ECB_03678, 0
ECB_03679, 0
ECB_03680, 0
ECB_03681, 2
ECB_03682, 1
ECB_03683, 1
ECB_03684, 1
ECB_03685, 0
ECB_03686, 0
ECB_03687, 0
ECB_03688, 0
ECB_03689, 0
ECB_03690, 1
ECB_03691, 3
ECB_03692, 1
ECB_03693, 0
ECB_03694, 0
ECB_03695, 0
ECB_03696, 1
ECB_03697, 0
ECB_03698, 2
ECB_03699, 1
ECB_03700, 1
ECB_03701, 1
ECB_03702, 0
ECB_03703, 0
ECB_03704, 0
ECB_03705, 0
ECB_03706, 0
ECB_03707, 2
ECB_03708, 0
ECB_03709, 0
ECB_03710, 0
ECB_03711, 1
ECB_03712, 0
ECB_03713, 1
ECB_03714, 0
ECB_03715, 0
ECB_03716, 0
ECB_03717, 0
ECB_03718, 1
ECB_03719, 0
ECB_03720, 1
ECB_03721, 1
ECB_03722, 0
ECB_03723, 1
ECB_03724, 0
ECB_03725, 1
ECB_03726, 0
ECB_03727, 0
ECB_03728, 3
ECB_03729, 0
ECB_03730, 0
ECB_03731, 1
ECB_03732, 0
ECB_03733, 0
ECB_03734, 0
ECB_03735, 0
ECB_03736, 0
ECB_03737, 0
ECB_03738, 0
ECB_03739, 1
ECB_03740, 1
ECB_03741, 1
ECB_03742, 0
ECB_03743, 0
ECB_03744, 0
ECB_03745, 1
ECB_03746, 0
ECB_03747, 1
ECB_03748, 0
ECB_03749, 1
ECB_03750, 2
ECB_03751, 2
ECB_03752, 0
ECB_03753, 0
ECB_03754, 0
ECB_03755, 0
ECB_03756, 2
ECB_03757, 1
ECB_03758, 1
ECB_03759, 0
ECB_03760, 0
ECB_03761, 0
ECB_03762, 0
ECB_03763, 2
ECB_03764, 0
ECB_03765, 0
ECB_03766, 0
ECB_03767, 0
ECB_03768, 0
ECB_03769, 1
ECB_03770, 0
ECB_03771, 0
ECB_03772, 0
ECB_03773, 0
ECB_03773, 0
ECB_03774, 1
ECB_03775, 0
ECB_03776, 1
ECB_03777, 0
ECB_03778, 0
ECB_03779, 1
ECB_03780, 1
ECB_03781, 0
ECB_03782, 0
ECB_03783, 0
ECB_03784, 1
ECB_03785, 2
ECB_03786, 0
ECB_03787, 0
ECB_03788, 2
ECB_03789, 1
ECB_03790, 0
ECB_03791, 0
ECB_03792, 1
ECB_03793, 0
ECB_03794, 1
ECB_03795, 2
ECB_03796, 0
ECB_03797, 1
ECB_03798, 0
ECB_03799, 0
ECB_03800, 0
ECB_03801, 1
ECB_03802, 1
ECB_03803, 2
ECB_03804, 0
ECB_03805, 1
ECB_03806, 1
ECB_03807, 0
ECB_03808, 0
ECB_03809, 0
ECB_03810, 0
ECB_03811, 0
ECB_03812, 1
ECB_03813, 0
ECB_03814, 0
ECB_03815, 0
ECB_03816, 4
ECB_03817, 0
ECB_03818, 2
ECB_03819, 0
ECB_03820, 0
ECB_03821, 0
ECB_03822, 1
ECB_03823, 0
ECB_03824, 0
ECB_03825, 0
ECB_03826, 4
ECB_03827, 0
ECB_03828, 0
ECB_03829, 1
ECB_03830, 0
ECB_03831, 1
ECB_03832, 0
ECB_03833, 1
ECB_03834, 0
ECB_03835, 1
ECB_03836, 1
ECB_03837, 0
ECB_03838, 0
ECB_03839, 0
ECB_03840, 0
ECB_03841, 0
ECB_03842, 0
ECB_03843, 0
ECB_03844, 1
ECB_03845, 0
ECB_03846, 0
ECB_03847, 1
ECB_03848, 0
ECB_03849, 0
ECB_03850, 2
ECB_03851, 0
ECB_03852, 0
ECB_03853, 0
ECB_03854, 0
ECB_03855, 1
ECB_03856, 1
ECB_03857, 1
ECB_03858, 0
ECB_03859, 0
ECB_03860, 0
ECB_03861, 0
ECB_03862, 0
ECB_03863, 2
ECB_03864, 2
ECB_03865, 0
ECB_03866, 0
ECB_03867, 0
ECB_03868, 0
ECB_03869, 0
ECB_03870, 0
ECB_03871, 1
ECB_03872, 0
ECB_03873, 1
ECB_03874, 0
ECB_03875, 0
ECB_03876, 0
ECB_03877, 1
ECB_03878, 2
ECB_03879, 0
ECB_03880, 1
ECB_03881, 1
ECB_03882, 1
ECB_03883, 2
ECB_03884, 0
ECB_03885, 0
ECB_03886, 0
ECB_03887, 1
ECB_03888, 0
ECB_03889, 2
ECB_03889, 2
ECB_03890, 5
ECB_03891, 4
ECB_03892, 2
ECB_03893, 1
ECB_03894, 0
ECB_03895, 0
ECB_03896, 1
ECB_03897, 1
ECB_03898, 0
ECB_03899, 0
ECB_03900, 0
ECB_03901, 0
ECB_03902, 0
ECB_03903, 0
ECB_03904, 0
ECB_03905, 1
ECB_03906, 2
ECB_03907, 2
ECB_03908, 1
ECB_03909, 0
ECB_03910, 1
ECB_03911, 0
ECB_03912, 0
ECB_03913, 2
ECB_03914, 0
ECB_03915, 0
ECB_03916, 0
ECB_03917, 0
ECB_03918, 0
ECB_03919, 0
ECB_03920, 1
ECB_03921, 1
ECB_03922, 0
ECB_03923, 0
ECB_03924, 0
ECB_03925, 1
ECB_03926, 0
ECB_03927, 1
ECB_03928, 0
ECB_03929, 0
ECB_03930, 2
ECB_03931, 0
ECB_03932, 0
ECB_03933, 0
ECB_03933, 0
ECB_03934, 0
ECB_03935, 0
ECB_03936, 0
ECB_03937, 0
ECB_03938, 0
ECB_03939, 1
ECB_03940, 0
ECB_03941, 1
ECB_03942, 1
ECB_03943, 1
ECB_03944, 0
ECB_03945, 1
ECB_03946, 2
ECB_03947, 0
ECB_03948, 2
ECB_03949, 0
ECB_03950, 0
ECB_03951, 0
ECB_03952, 0
ECB_03953, 0
ECB_03954, 3
ECB_03955, 2
ECB_03956, 1
ECB_03957, 0
ECB_03958, 0
ECB_03959, 0
ECB_03960, 0
ECB_03961, 1
ECB_03962, 1
ECB_03963, 0
ECB_03964, 0
ECB_03965, 0
ECB_03966, 0
ECB_03967, 1
ECB_03968, 0
ECB_03969, 1
ECB_03970, 0
ECB_03971, 0
ECB_03972, 0
ECB_03973, 0
ECB_03974, 0
ECB_03975, 1
ECB_03976, 0
ECB_03977, 1
ECB_03978, 0
ECB_03979, 0
ECB_03980, 3
ECB_03981, 0
ECB_03982, 0
ECB_03983, 1
ECB_03984, 0
ECB_03985, 0
ECB_03986, 0
ECB_03987, 0
ECB_03988, 0
ECB_03989, 1
ECB_03990, 1
ECB_03991, 2
ECB_03992, 0
ECB_03993, 0
ECB_03994, 1
ECB_03995, 0
ECB_03996, 0
ECB_03996, 0
ECB_03997, 0
ECB_03998, 0
ECB_03999, 0
ECB_04000, 1
ECB_04001, 0
ECB_04002, 1
ECB_04003, 0
ECB_04004, 0
ECB_04005, 0
ECB_04006, 1
ECB_04007, 0
ECB_04008, 0
ECB_04009, 0
ECB_04010, 1
ECB_04011, 0
ECB_04012, 0
ECB_04013, 2
ECB_04014, 0
ECB_04015, 0
ECB_04016, 1
ECB_04017, 1
ECB_04018, 0
ECB_04019, 0
ECB_04020, 0
ECB_04021, 0
ECB_04022, 3
ECB_04023, 0
ECB_04024, 0
ECB_04025, 0
ECB_04026, 0
ECB_04027, 0
ECB_04028, 1
ECB_04029, 0
ECB_04030, 0
ECB_04031, 0
ECB_04032, 0
ECB_04033, 0
ECB_04034, 0
ECB_04035, 1
ECB_04036, 0
ECB_04037, 0
ECB_04038, 1
ECB_04039, 0
ECB_04040, 0
ECB_04041, 2
ECB_04042, 1
ECB_04043, 0
ECB_04044, 0
ECB_04045, 0
ECB_04046, 0
ECB_04047, 0
ECB_04048, 1
ECB_04049, 0
ECB_04050, 1
ECB_04051, 0
ECB_04052, 0
ECB_04053, 1
ECB_04054, 1
ECB_04055, 0
ECB_04056, 0
ECB_04057, 0
ECB_04058, 0
ECB_04059, 0
ECB_04060, 0
ECB_04061, 0
ECB_04062, 0
ECB_04063, 0
ECB_04064, 1
ECB_04065, 0
ECB_04066, 0
ECB_04067, 1
ECB_04068, 0
ECB_04069, 0
ECB_04070, 1
ECB_04071, 2
ECB_04072, 1
ECB_04073, 1
ECB_04074, 0
ECB_04075, 0
ECB_04076, 2
ECB_04077, 0
ECB_04078, 0
ECB_04079, 1
ECB_04080, 0
ECB_04081, 0
ECB_04082, 0
ECB_04083, 0
ECB_04084, 1
ECB_04085, 1
ECB_04086, 0
ECB_04087, 0
ECB_04088, 0
ECB_04089, 1
ECB_04090, 1
ECB_04091, 1
ECB_04092, 1
ECB_04093, 0
ECB_04094, 0
ECB_04095, 0
ECB_04096, 2
ECB_04097, 3
ECB_04098, 0
ECB_04099, 2
ECB_04100, 0
ECB_04101, 1
ECB_04102, 1
ECB_04103, 1
ECB_04104, 0
ECB_04105, 0
ECB_04106, 1
ECB_04107, 1
ECB_04108, 1
ECB_04109, 0
ECB_04110, 1
ECB_04111, 1
ECB_04112, 0
ECB_04113, 1
ECB_04114, 0
ECB_04115, 0
ECB_04116, 0
ECB_04117, 0
ECB_04118, 0
ECB_04119, 1
ECB_04120, 0
ECB_04121, 0
ECB_04122, 0
ECB_04123, 9
ECB_04124, 3
ECB_04125, 0
ECB_04126, 0
ECB_04127, 0
ECB_04128, 1
ECB_04129, 1
ECB_04130, 0
ECB_04131, 0
ECB_04132, 0
ECB_04133, 0
ECB_04134, 0
ECB_04135, 0
ECB_04136, 1
ECB_04137, 1
ECB_04138, 0
ECB_04138, 0
ECB_04138, 0
ECB_04139, 0
ECB_04140, 1
ECB_04141, 1
ECB_04142, 1
ECB_04143, 0
ECB_04144, 0
ECB_04145, 0
ECB_04146, 0
ECB_04147, 2
ECB_04148, 1
ECB_04149, 0
ECB_04150, 1
ECB_04151, 0
ECB_04152, 0
ECB_04153, 0
ECB_04154, 0
ECB_04155, 1
ECB_04156, 0
ECB_04157, 1
ECB_04158, 0
ECB_04159, 0
ECB_04160, 0
ECB_04161, 1
ECB_04161, 1
ECB_04162, 1
ECB_04163, 0
ECB_04164, 0
ECB_04165, 0
ECB_04166, 0
ECB_04167, 0
ECB_04168, 0
ECB_04169, 1
ECB_04170, 0
ECB_04171, 3
ECB_04172, 0
ECB_04173, 0
ECB_04174, 0
ECB_04175, 0
ECB_04175, 0
ECB_04176, 0
ECB_04177, 0
ECB_04178, 0
ECB_04179, 0
ECB_04180, 0
ECB_04181, 0
ECB_04179, 0
ECB_04182, 0
ECB_04183, 0
ECB_04184, 2
ECB_04185, 0
ECB_04186, 1
ECB_04187, 1
ECB_04188, 0
ECB_04189, 1
ECB_04190, 1
ECB_04191, 0
ECB_04192, 2
ECB_04193, 0
ECB_04194, 1
ECB_04195, 1
ECB_04196, 0
ECB_04197, 0
ECB_04198, 0
ECB_04199, 1
ECB_04200, 0
ECB_04201, 1
ECB_04202, 2
ECB_04203, 2
ECB_04204, 0
ECB_04205, 1
ECB_04206, 0
ECB_04207, 0
ECB_04208, 0
ECB_04209, 0
ECB_04210, 1
ECB_04211, 0
ECB_04212, 0
ECB_04213, 0
ECB_04214, 0
ECB_04215, 2
ECB_04216, 1
ECB_04217, 0
ECB_04218, 0
ECB_04219, 0
ECB_04220, 0
ECB_04221, 0
ECB_04222, 2
ECB_04223, 1
ECB_04224, 0
ECB_04225, 2
ECB_04226, 1
ECB_04227, 0
ECB_04228, 2
ECB_04229, 1
ECB_04230, 1
ECB_04231, 0
ECB_04232, 0
ECB_04233, 2
ECB_04234, 1
ECB_04234, 1
ECB_04235, 0
ECB_04236, 2
ECB_04237, 1
ECB_04238, 0
ECB_04239, 0
ECB_04240, 0
ECB_04241, 0
ECB_04242, 1
ECB_04243, 0
ECB_04244, 1
ECB_04245, 0
ECB_04246, 0
ECB_04247, 0
ECB_04248, 0
ECB_04249, 1
ECB_04250, 0
ECB_04251, 1
ECB_04252, 0
ECB_04253, 0
ECB_04254, 1
ECB_04255, 0
ECB_04256, 0
ECB_04257, 1
ECB_04258, 0
ECB_04259, 0
ECB_04260, 0
ECB_04261, 0
ECB_04262, 0
ECB_04263, 0
ECB_04264, 1
ECB_04265, 0
ECB_04266, 3
ECB_04267, 0
ECB_04268, 1
ECB_04269, 0
ECB_04270, 0
ECB_04271, 0
ECB_04272, 0
ECB_04273, 0
ECB_04274, 0
ECB_04275, 0
ECB_04276, 0
ECB_04276, 0
ECB_04277, 0
ECB_04278, 1
ECB_04279, 2
